﻿<mockup version="4.5" minAllowVersion="4.5" ID="21ED6516-1472-4593-8B56-EA5ECA152527" platform="MtMobile" defaultW="375" defaultH="667" screenOrientation="MoPortrait" mobileScreenScale="1.77777779102325" measureW="375" measureH="667" clipArea="(0,0,0,0)">
  <controls controlCount="30">
    <control controlID="5A7CF8FA-07A4-46A7-86E7-E34C94324ACE" controlTypeID="Line" isShow="True" caption="%E7%BA%BF%E6%AE%B5" x="0" y="60" w="374" h="1" measuredW="120" measuredH="120" zOrder="0" locked="False" sizeLocked="False">
      <controlProperties>
        <basic color="4284900966" borderVisible="True" borderColor="4284900966" isAutoSize="False" status="MsEnabled" opacity="1" isCommentCom="False" canMove="True" alias="" rotation="0"/>
        <states/>
        <verticalScrollbarShow>False</verticalScrollbarShow>
        <verticalScrollbarProgress>0</verticalScrollbarProgress>
        <horizontalScrollbarShow>False</horizontalScrollbarShow>
        <horizontalScrollbarProgress>0</horizontalScrollbarProgress>
        <links eventType="AtClick" animate="AmNone" animateAutoDelay="0" animateDuration="500">
          <link targetPageID="" linkType="ltPageLink" isApplyIncludePage="False" title="%E9%93%BE%E6%8E%A5">
            <area shape="0" alt="" ID="{D71C4B50-A9AB-4DAD-AAF9-266A8C9162BE}" coords="(0,0,374,1)"/>
          </link>
        </links>
        <interactiveData>
          <entry title="">
            <area shape="0" alt="" ID="{8F8C9C1C-9B7F-4D14-A793-44CE49B6D51D}" coords="(0,0,374,1)"/>
            <events title=""/>
          </entry>
        </interactiveData>
        <textSet textColor="4278190080" textSize="14" lineSpacingMultiple="1" textAlign="HaCenter" textVAlign="VaTop" textWordWrap="True" lineSpacing="18" textStyles="[]" useDefaultTextSize="True">
          <font family="%E5%BE%AE%E8%BD%AF%E9%9B%85%E9%BB%91" displayName="%E5%BE%AE%E8%BD%AF%E9%9B%85%E9%BB%91" postScript="" weightStyle="Regular" weight="400" isBold="False" isItalic="False"/>
        </textSet>
        <selectedIndex>-1</selectedIndex>
        <selectedColor>4282501083</selectedColor>
        <textPadding>0</textPadding>
        <controlPoint>(187,0)</controlPoint>
        <startPoint>(0,0)</startPoint>
        <endPoint>(374,0)</endPoint>
        <thickness>1</thickness>
        <dashMode>SdSolid</dashMode>
        <textBackgroundColor>4294967295</textBackgroundColor>
        <textBorderColor>4284900966</textBorderColor>
        <showStartArrow>0</showStartArrow>
        <showEndArrow>0</showEndArrow>
        <isCurved>True</isCurved>
        <isTextPosCenter>True</isTextPosCenter>
      </controlProperties>
    </control>
    <control controlID="E8AA72C1-8A55-4679-93FB-910C3A2E761B" controlTypeID="Label" isShow="True" caption="%E5%8D%95%E8%A1%8C%E6%96%87%E5%AD%97" x="20" y="20" w="115" h="19" measuredW="0" measuredH="0" zOrder="1" locked="False" sizeLocked="False">
      <controlProperties>
        <basic color="0" borderVisible="True" borderColor="4284900966" isAutoSize="True" status="MsEnabled" opacity="1" isCommentCom="False" canMove="True" alias="" rotation="0"/>
        <states/>
        <verticalScrollbarShow>False</verticalScrollbarShow>
        <verticalScrollbarProgress>0</verticalScrollbarProgress>
        <horizontalScrollbarShow>False</horizontalScrollbarShow>
        <horizontalScrollbarProgress>0</horizontalScrollbarProgress>
        <links eventType="AtClick" animate="AmNone" animateAutoDelay="0" animateDuration="500">
          <link targetPageID="" linkType="ltPageLink" isApplyIncludePage="False" title="%E9%93%BE%E6%8E%A5">
            <area shape="0" alt="" ID="{097738A4-45D7-4813-BCDC-29D55AF53305}" coords="(0,0,115,19)"/>
          </link>
        </links>
        <interactiveData>
          <entry title="">
            <area shape="0" alt="" ID="{0D37A40D-647A-499F-9C4B-8CC9E98D7BDC}" coords="(0,0,115,19)"/>
            <events title=""/>
          </entry>
        </interactiveData>
        <textSet textColor="4278190080" textSize="14" lineSpacingMultiple="1" textAlign="HaLeft" textVAlign="VaTop" textWordWrap="True" lineSpacing="18" textStyles="[]" useDefaultTextSize="True">
          <font family="%E5%BE%AE%E8%BD%AF%E9%9B%85%E9%BB%91" displayName="%E5%BE%AE%E8%BD%AF%E9%9B%85%E9%BB%91" postScript="" weightStyle="Regular" weight="400" isBold="False" isItalic="False"/>
          <text>LOGO+%2B+%E6%98%93%E7%B1%B3%E4%BA%91%E9%80%9A</text>
        </textSet>
        <selectedIndex>-1</selectedIndex>
        <selectedColor>4282501083</selectedColor>
        <textPadding>0</textPadding>
      </controlProperties>
    </control>
    <control controlID="A346A7D2-4697-4434-BA1B-6B11E9D91CF9" controlTypeID="Icon" isShow="True" caption="%E5%9B%BE%E6%A0%87" x="341" y="20" w="20" h="20" measuredW="32" measuredH="32" zOrder="2" locked="False" sizeLocked="False">
      <controlProperties>
        <basic color="4284900966" borderVisible="True" borderColor="4284900966" isAutoSize="False" status="MsEnabled" opacity="1" isCommentCom="False" canMove="True" alias="" rotation="0"/>
        <states/>
        <verticalScrollbarShow>False</verticalScrollbarShow>
        <verticalScrollbarProgress>0</verticalScrollbarProgress>
        <horizontalScrollbarShow>False</horizontalScrollbarShow>
        <horizontalScrollbarProgress>0</horizontalScrollbarProgress>
        <links eventType="AtClick" animate="AmNone" animateAutoDelay="0" animateDuration="500">
          <link targetPageID="A773AAD2-4C54-4C2D-8B9E-CA74E2594FC4" linkType="ltPageLink" isApplyIncludePage="False" title="%E9%85%8D%E7%BD%AE%E7%99%BB%E5%BD%95">
            <area shape="0" alt="" ID="{4E064F6A-177F-429C-86E7-8FC2BCA4015B}" coords="(0,0,20,20)"/>
          </link>
        </links>
        <interactiveData>
          <entry title="">
            <area shape="0" alt="" ID="{15A5F336-D43A-4774-B808-DCF45A44474B}" coords="(0,0,20,20)"/>
            <events title=""/>
          </entry>
        </interactiveData>
        <rotationAngle>TdZero</rotationAngle>
        <icon>
          <ID/>
          <iconFontName>jdIonicons</iconFontName>
          <iconCode>62199</iconCode>
        </icon>
        <URL>DED0E6A8242D8DE296EBCBE2FFA15EDA.svg</URL>
        <FlipHorizontal>False</FlipHorizontal>
        <FlipVertical>False</FlipVertical>
      </controlProperties>
    </control>
    <control controlID="5E44CA03-9F8B-46BB-B33E-D803A5248CD6" controlTypeID="ScrollView" isShow="True" caption="%E6%BB%9A%E5%8A%A8%E5%8C%BA" x="16" y="89" w="345" h="542" measuredW="0" measuredH="0" zOrder="3" locked="False" sizeLocked="False">
      <controlProperties>
        <basic color="4294967295" borderVisible="False" borderColor="4284900966" isAutoSize="False" status="MsEnabled" opacity="1" isCommentCom="False" canMove="True" alias="" rotation="0"/>
        <states/>
        <verticalScrollbarShow>False</verticalScrollbarShow>
        <verticalScrollbarProgress>0</verticalScrollbarProgress>
        <horizontalScrollbarShow>False</horizontalScrollbarShow>
        <horizontalScrollbarProgress>0</horizontalScrollbarProgress>
        <links eventType="AtClick" animate="AmNone" animateAutoDelay="0" animateDuration="500">
          <link targetPageID="" linkType="ltPageLink" isApplyIncludePage="False" title="%E9%93%BE%E6%8E%A5">
            <area shape="0" alt="" ID="{420DAB2B-C799-4170-BC52-8A91C7536F58}" coords="(0,0,345,542)"/>
          </link>
        </links>
        <interactiveData>
          <entry title="">
            <area shape="0" alt="" ID="{66A00FB5-2ADF-4118-9BB7-536FB06BB2F1}" coords="(0,0,345,542)"/>
            <events title=""/>
          </entry>
        </interactiveData>
        <groupChildrenDescriptors>
          <control controlID="DD27FB37-C2F2-4088-A626-A6A49A11DE87" controlTypeID="ScrollViewContentPanel" isShow="True" caption="%E6%BB%9A%E5%8A%A8%E5%8C%BA%E5%86%85%E5%AE%B9%E5%B1%82" x="0" y="0" w="411" h="571" measuredW="0" measuredH="0" zOrder="0" locked="True" sizeLocked="False">
            <controlProperties>
              <basic color="0" borderVisible="False" borderColor="4278190080" isAutoSize="False" status="MsEnabled" opacity="1" isCommentCom="False" canMove="True" alias="contentPanel" rotation="0"/>
              <states/>
              <verticalScrollbarShow>False</verticalScrollbarShow>
              <verticalScrollbarProgress>0</verticalScrollbarProgress>
              <horizontalScrollbarShow>False</horizontalScrollbarShow>
              <horizontalScrollbarProgress>0</horizontalScrollbarProgress>
              <links eventType="AtClick" animate="AmNone" animateAutoDelay="0" animateDuration="500">
                <link targetPageID="" linkType="ltPageLink" isApplyIncludePage="False" title="%E9%93%BE%E6%8E%A5">
                  <area shape="0" alt="" ID="{1C988585-1283-47C0-AA62-777E180BB1D1}" coords="(0,0,411,571)"/>
                </link>
              </links>
              <interactiveData>
                <entry title="">
                  <area shape="0" alt="" ID="{F5E9E36F-207F-4534-BA08-05EFB3FF2337}" coords="(0,0,411,571)"/>
                  <events title=""/>
                </entry>
              </interactiveData>
              <groupChildrenDescriptors>
                <control controlID="0DCD760F-256B-4D24-822C-95300B1B4BAD" controlTypeID="__group__" isShow="True" caption="%E7%BB%84" x="1" y="124" w="343" h="40" measuredW="0" measuredH="0" zOrder="0" locked="False" sizeLocked="False">
                  <controlProperties>
                    <basic color="4294967295" borderVisible="True" borderColor="4284900966" isAutoSize="False" status="MsEnabled" opacity="1" isCommentCom="False" canMove="True" alias="" rotation="0"/>
                    <states/>
                    <verticalScrollbarShow>False</verticalScrollbarShow>
                    <verticalScrollbarProgress>0</verticalScrollbarProgress>
                    <horizontalScrollbarShow>False</horizontalScrollbarShow>
                    <horizontalScrollbarProgress>0</horizontalScrollbarProgress>
                    <links eventType="AtClick" animate="AmNone" animateAutoDelay="0" animateDuration="500">
                      <link targetPageID="" linkType="ltPageLink" isApplyIncludePage="False" title="%E9%93%BE%E6%8E%A5">
                        <area shape="0" alt="" ID="{CA810B13-958E-44DC-9AFA-6983ACFDDC7A}" coords="(0,0,375,667)"/>
                      </link>
                    </links>
                    <interactiveData>
                      <entry title="">
                        <area shape="0" alt="" ID="{F6FB05CF-AF04-49F1-8A2F-CECC570FF527}" coords="(0,0,375,667)"/>
                        <events title=""/>
                      </entry>
                    </interactiveData>
                    <groupChildrenDescriptors>
                      <control controlID="1434F9D2-75FA-4303-9D14-6C80673421C0" controlTypeID="Shape" isShow="True" caption="%E5%BD%A2%E7%8A%B6" x="0" y="0" w="343" h="40" measuredW="120" measuredH="100" zOrder="0" locked="False" sizeLocked="False">
                        <controlProperties>
                          <basic color="4294967295" borderVisible="True" borderColor="4284900966" isAutoSize="False" status="MsEnabled" opacity="1" isCommentCom="False" canMove="True" alias="" rotation="0"/>
                          <states/>
                          <verticalScrollbarShow>False</verticalScrollbarShow>
                          <verticalScrollbarProgress>0</verticalScrollbarProgress>
                          <horizontalScrollbarShow>False</horizontalScrollbarShow>
                          <horizontalScrollbarProgress>0</horizontalScrollbarProgress>
                          <links eventType="AtClick" animate="AmNone" animateAutoDelay="0" animateDuration="500">
                            <link targetPageID="3CEE5798-C189-45EF-B6F5-692201CB4019" linkType="ltPageLink" isApplyIncludePage="False" title="%E5%8F%8C%E5%90%91%E5%9B%9E%E6%8B%A8">
                              <area shape="0" alt="" ID="{4FD87168-AE34-4C4E-BDED-30DCCA4A540B}" coords="(0,0,343,40)"/>
                            </link>
                          </links>
                          <interactiveData>
                            <entry title="">
                              <area shape="0" alt="" ID="{0CF5D451-666F-48DE-BCCA-2F8A26464DA1}" coords="(0,0,343,40)"/>
                              <events title=""/>
                            </entry>
                          </interactiveData>
                          <textSet textColor="4278190080" textSize="14" lineSpacingMultiple="1" textAlign="HaLeft" textVAlign="VaMiddle" textWordWrap="True" lineSpacing="18" textStyles="[]" useDefaultTextSize="True">
                            <font family="%E5%BE%AE%E8%BD%AF%E9%9B%85%E9%BB%91" displayName="%E5%BE%AE%E8%BD%AF%E9%9B%85%E9%BB%91" postScript="" weightStyle="Regular" weight="400" isBold="False" isItalic="False"/>
                            <text>++++%E7%82%B9%E5%87%BB%E5%91%BC%E5%8F%AB</text>
                          </textSet>
                          <selectedIndex>-1</selectedIndex>
                          <selectedColor>4282501083</selectedColor>
                          <textPadding>0</textPadding>
                          <shapeBorderType>SbRectangle</shapeBorderType>
                          <triangleType>TdZero</triangleType>
                          <dashMode>SdSolid</dashMode>
                          <rectangleBorderLeftVisible>True</rectangleBorderLeftVisible>
                          <rectangleBorderRightVisible>True</rectangleBorderRightVisible>
                          <rectangleBorderTopVisible>True</rectangleBorderTopVisible>
                          <rectangleBorderBottomVisible>True</rectangleBorderBottomVisible>
                          <radius>0</radius>
                          <radiusIsPercent>False</radiusIsPercent>
                          <thickness>1</thickness>
                        </controlProperties>
                      </control>
                      <control controlID="12D1C11E-CB9F-40C2-BA9C-E77839D34B94" controlTypeID="Icon" isShow="True" caption="%E5%9B%BE%E6%A0%87" x="320" y="12" w="15" h="15" measuredW="32" measuredH="32" zOrder="1" locked="False" sizeLocked="False">
                        <controlProperties>
                          <basic color="4288256409" borderVisible="True" borderColor="4284900966" isAutoSize="False" status="MsEnabled" opacity="1" isCommentCom="False" canMove="True" alias="" rotation="0"/>
                          <states/>
                          <verticalScrollbarShow>False</verticalScrollbarShow>
                          <verticalScrollbarProgress>0</verticalScrollbarProgress>
                          <horizontalScrollbarShow>False</horizontalScrollbarShow>
                          <horizontalScrollbarProgress>0</horizontalScrollbarProgress>
                          <links eventType="AtClick" animate="AmNone" animateAutoDelay="0" animateDuration="500">
                            <link targetPageID="" linkType="ltPageLink" isApplyIncludePage="False" title="%E9%93%BE%E6%8E%A5">
                              <area shape="0" alt="" ID="{41EDEBBA-E826-49BB-9F25-85EFA65E9F42}" coords="(0,0,15,15)"/>
                            </link>
                          </links>
                          <interactiveData>
                            <entry title="">
                              <area shape="0" alt="" ID="{68D868FB-FDE9-4358-8802-A3D4E464262D}" coords="(0,0,15,15)"/>
                              <events title=""/>
                            </entry>
                          </interactiveData>
                          <rotationAngle>TdZero</rotationAngle>
                          <icon>
                            <ID/>
                            <iconFontName>jdIonicons</iconFontName>
                            <iconCode>62419</iconCode>
                          </icon>
                          <URL>2E967326C22523F5F084001B9F4E5BC7.svg</URL>
                          <FlipHorizontal>False</FlipHorizontal>
                          <FlipVertical>False</FlipVertical>
                        </controlProperties>
                      </control>
                    </groupChildrenDescriptors>
                  </controlProperties>
                </control>
                <control controlID="907D3EEC-698C-4D8A-8B3B-1B1FB88AA9BA" controlTypeID="__group__" isShow="True" caption="%E7%BB%84" x="1" y="163" w="343" h="40" measuredW="0" measuredH="0" zOrder="1" locked="False" sizeLocked="False">
                  <controlProperties>
                    <basic color="4294967295" borderVisible="True" borderColor="4284900966" isAutoSize="False" status="MsEnabled" opacity="1" isCommentCom="False" canMove="True" alias="" rotation="0"/>
                    <states/>
                    <verticalScrollbarShow>False</verticalScrollbarShow>
                    <verticalScrollbarProgress>0</verticalScrollbarProgress>
                    <horizontalScrollbarShow>False</horizontalScrollbarShow>
                    <horizontalScrollbarProgress>0</horizontalScrollbarProgress>
                    <links eventType="AtClick" animate="AmNone" animateAutoDelay="0" animateDuration="500">
                      <link targetPageID="" linkType="ltPageLink" isApplyIncludePage="False" title="%E9%93%BE%E6%8E%A5">
                        <area shape="0" alt="" ID="{F64739ED-3EE1-43A7-ACD9-01389D284B28}" coords="(0,0,343,40)"/>
                      </link>
                    </links>
                    <interactiveData>
                      <entry title="">
                        <area shape="0" alt="" ID="{391F43D8-FCD6-4029-9366-294929DE0077}" coords="(0,0,343,40)"/>
                        <events title=""/>
                      </entry>
                    </interactiveData>
                    <groupChildrenDescriptors>
                      <control controlID="8B6C5182-E0EC-4FC5-B19D-6B607D27A9E8" controlTypeID="Shape" isShow="True" caption="%E5%BD%A2%E7%8A%B6" x="0" y="0" w="343" h="40" measuredW="120" measuredH="100" zOrder="0" locked="False" sizeLocked="False">
                        <controlProperties>
                          <basic color="4294967295" borderVisible="True" borderColor="4284900966" isAutoSize="False" status="MsEnabled" opacity="1" isCommentCom="False" canMove="True" alias="" rotation="0"/>
                          <states/>
                          <verticalScrollbarShow>False</verticalScrollbarShow>
                          <verticalScrollbarProgress>0</verticalScrollbarProgress>
                          <horizontalScrollbarShow>False</horizontalScrollbarShow>
                          <horizontalScrollbarProgress>0</horizontalScrollbarProgress>
                          <links eventType="AtClick" animate="AmNone" animateAutoDelay="0" animateDuration="500">
                            <link targetPageID="62CBAC82-1AEC-4022-BBA5-3B24DD000208" linkType="ltPageLink" isApplyIncludePage="False" title="%E7%94%B5%E8%AF%9D%E7%9B%B4%E6%92%AD">
                              <area shape="0" alt="" ID="{4FD87168-AE34-4C4E-BDED-30DCCA4A540B}" coords="(0,0,343,40)"/>
                            </link>
                          </links>
                          <interactiveData>
                            <entry title="">
                              <area shape="0" alt="" ID="{0CF5D451-666F-48DE-BCCA-2F8A26464DA1}" coords="(0,0,343,40)"/>
                              <events title=""/>
                            </entry>
                          </interactiveData>
                          <textSet textColor="4278190080" textSize="14" lineSpacingMultiple="1" textAlign="HaLeft" textVAlign="VaMiddle" textWordWrap="True" lineSpacing="18" textStyles="[]" useDefaultTextSize="True">
                            <font family="%E5%BE%AE%E8%BD%AF%E9%9B%85%E9%BB%91" displayName="%E5%BE%AE%E8%BD%AF%E9%9B%85%E9%BB%91" postScript="" weightStyle="Regular" weight="400" isBold="False" isItalic="False"/>
                            <text>++++%E7%94%B5%E8%AF%9D%E7%9B%B4%E6%8B%A8</text>
                          </textSet>
                          <selectedIndex>-1</selectedIndex>
                          <selectedColor>4282501083</selectedColor>
                          <textPadding>0</textPadding>
                          <shapeBorderType>SbRectangle</shapeBorderType>
                          <triangleType>TdZero</triangleType>
                          <dashMode>SdSolid</dashMode>
                          <rectangleBorderLeftVisible>True</rectangleBorderLeftVisible>
                          <rectangleBorderRightVisible>True</rectangleBorderRightVisible>
                          <rectangleBorderTopVisible>True</rectangleBorderTopVisible>
                          <rectangleBorderBottomVisible>True</rectangleBorderBottomVisible>
                          <radius>0</radius>
                          <radiusIsPercent>False</radiusIsPercent>
                          <thickness>1</thickness>
                        </controlProperties>
                      </control>
                      <control controlID="698ADA78-2926-4766-88C3-283D6A982CD8" controlTypeID="Icon" isShow="True" caption="%E5%9B%BE%E6%A0%87" x="320" y="11" w="15" h="15" measuredW="32" measuredH="32" zOrder="1" locked="False" sizeLocked="False">
                        <controlProperties>
                          <basic color="4288256409" borderVisible="True" borderColor="4284900966" isAutoSize="False" status="MsEnabled" opacity="1" isCommentCom="False" canMove="True" alias="" rotation="0"/>
                          <states/>
                          <verticalScrollbarShow>False</verticalScrollbarShow>
                          <verticalScrollbarProgress>0</verticalScrollbarProgress>
                          <horizontalScrollbarShow>False</horizontalScrollbarShow>
                          <horizontalScrollbarProgress>0</horizontalScrollbarProgress>
                          <links eventType="AtClick" animate="AmNone" animateAutoDelay="0" animateDuration="500">
                            <link targetPageID="" linkType="ltPageLink" isApplyIncludePage="False" title="%E9%93%BE%E6%8E%A5">
                              <area shape="0" alt="" ID="{41EDEBBA-E826-49BB-9F25-85EFA65E9F42}" coords="(0,0,15,15)"/>
                            </link>
                          </links>
                          <interactiveData>
                            <entry title="">
                              <area shape="0" alt="" ID="{68D868FB-FDE9-4358-8802-A3D4E464262D}" coords="(0,0,15,15)"/>
                              <events title=""/>
                            </entry>
                          </interactiveData>
                          <rotationAngle>TdZero</rotationAngle>
                          <icon>
                            <ID/>
                            <iconFontName>jdIonicons</iconFontName>
                            <iconCode>62419</iconCode>
                          </icon>
                          <URL>2E967326C22523F5F084001B9F4E5BC7.svg</URL>
                          <FlipHorizontal>False</FlipHorizontal>
                          <FlipVertical>False</FlipVertical>
                        </controlProperties>
                      </control>
                    </groupChildrenDescriptors>
                  </controlProperties>
                </control>
                <control controlID="6A4F8CFA-50C8-40DF-AB54-4590FB34D764" controlTypeID="__group__" isShow="True" caption="%E7%BB%84" x="1" y="202" w="343" h="40" measuredW="0" measuredH="0" zOrder="2" locked="False" sizeLocked="False">
                  <controlProperties>
                    <basic color="4294967295" borderVisible="True" borderColor="4284900966" isAutoSize="False" status="MsEnabled" opacity="1" isCommentCom="False" canMove="True" alias="" rotation="0"/>
                    <states/>
                    <verticalScrollbarShow>False</verticalScrollbarShow>
                    <verticalScrollbarProgress>0</verticalScrollbarProgress>
                    <horizontalScrollbarShow>False</horizontalScrollbarShow>
                    <horizontalScrollbarProgress>0</horizontalScrollbarProgress>
                    <links eventType="AtClick" animate="AmNone" animateAutoDelay="0" animateDuration="500">
                      <link targetPageID="C74671EA-A0BF-491E-A4AF-B81EF917289B" linkType="ltPageLink" isApplyIncludePage="False" title="%E8%AF%AD%E9%9F%B3%E9%AA%8C%E8%AF%81%E7%A0%81">
                        <area shape="0" alt="" ID="{D1C8C80D-0A4E-483A-9E0C-3F3526BADF97}" coords="(0,0,343,40)"/>
                      </link>
                    </links>
                    <interactiveData>
                      <entry title="">
                        <area shape="0" alt="" ID="{EE239265-BB48-4818-8D0F-D3BF42102307}" coords="(0,0,343,40)"/>
                        <events title=""/>
                      </entry>
                    </interactiveData>
                    <groupChildrenDescriptors>
                      <control controlID="E2413619-41D6-4D90-A65E-0E8DC7D03729" controlTypeID="Shape" isShow="True" caption="%E5%BD%A2%E7%8A%B6" x="0" y="0" w="343" h="40" measuredW="120" measuredH="100" zOrder="0" locked="False" sizeLocked="False">
                        <controlProperties>
                          <basic color="4294967295" borderVisible="True" borderColor="4284900966" isAutoSize="False" status="MsEnabled" opacity="1" isCommentCom="False" canMove="True" alias="" rotation="0"/>
                          <states/>
                          <verticalScrollbarShow>False</verticalScrollbarShow>
                          <verticalScrollbarProgress>0</verticalScrollbarProgress>
                          <horizontalScrollbarShow>False</horizontalScrollbarShow>
                          <horizontalScrollbarProgress>0</horizontalScrollbarProgress>
                          <links eventType="AtClick" animate="AmNone" animateAutoDelay="0" animateDuration="500">
                            <link targetPageID="C74671EA-A0BF-491E-A4AF-B81EF917289B" linkType="ltPageLink" isApplyIncludePage="False" title="%E8%AF%AD%E9%9F%B3%E9%AA%8C%E8%AF%81%E7%A0%81">
                              <area shape="0" alt="" ID="{4FD87168-AE34-4C4E-BDED-30DCCA4A540B}" coords="(0,0,343,40)"/>
                            </link>
                          </links>
                          <interactiveData>
                            <entry title="">
                              <area shape="0" alt="" ID="{0CF5D451-666F-48DE-BCCA-2F8A26464DA1}" coords="(0,0,343,40)"/>
                              <events title=""/>
                            </entry>
                          </interactiveData>
                          <textSet textColor="4278190080" textSize="14" lineSpacingMultiple="1" textAlign="HaLeft" textVAlign="VaMiddle" textWordWrap="True" lineSpacing="18" textStyles="[]" useDefaultTextSize="True">
                            <font family="%E5%BE%AE%E8%BD%AF%E9%9B%85%E9%BB%91" displayName="%E5%BE%AE%E8%BD%AF%E9%9B%85%E9%BB%91" postScript="" weightStyle="Regular" weight="400" isBold="False" isItalic="False"/>
                            <text>++++%E8%AF%AD%E9%9F%B3%E9%AA%8C%E8%AF%81%E7%A0%81</text>
                          </textSet>
                          <selectedIndex>-1</selectedIndex>
                          <selectedColor>4282501083</selectedColor>
                          <textPadding>0</textPadding>
                          <shapeBorderType>SbRectangle</shapeBorderType>
                          <triangleType>TdZero</triangleType>
                          <dashMode>SdSolid</dashMode>
                          <rectangleBorderLeftVisible>True</rectangleBorderLeftVisible>
                          <rectangleBorderRightVisible>True</rectangleBorderRightVisible>
                          <rectangleBorderTopVisible>True</rectangleBorderTopVisible>
                          <rectangleBorderBottomVisible>True</rectangleBorderBottomVisible>
                          <radius>0</radius>
                          <radiusIsPercent>False</radiusIsPercent>
                          <thickness>1</thickness>
                        </controlProperties>
                      </control>
                      <control controlID="AD50A1C6-64AB-4425-81F7-434658BF9E6F" controlTypeID="Icon" isShow="True" caption="%E5%9B%BE%E6%A0%87" x="319" y="14" w="15" h="15" measuredW="32" measuredH="32" zOrder="1" locked="False" sizeLocked="False">
                        <controlProperties>
                          <basic color="4288256409" borderVisible="True" borderColor="4284900966" isAutoSize="False" status="MsEnabled" opacity="1" isCommentCom="False" canMove="True" alias="" rotation="0"/>
                          <states/>
                          <verticalScrollbarShow>False</verticalScrollbarShow>
                          <verticalScrollbarProgress>0</verticalScrollbarProgress>
                          <horizontalScrollbarShow>False</horizontalScrollbarShow>
                          <horizontalScrollbarProgress>0</horizontalScrollbarProgress>
                          <links eventType="AtClick" animate="AmNone" animateAutoDelay="0" animateDuration="500">
                            <link targetPageID="" linkType="ltPageLink" isApplyIncludePage="False" title="%E9%93%BE%E6%8E%A5">
                              <area shape="0" alt="" ID="{41EDEBBA-E826-49BB-9F25-85EFA65E9F42}" coords="(0,0,15,15)"/>
                            </link>
                          </links>
                          <interactiveData>
                            <entry title="">
                              <area shape="0" alt="" ID="{68D868FB-FDE9-4358-8802-A3D4E464262D}" coords="(0,0,15,15)"/>
                              <events title=""/>
                            </entry>
                          </interactiveData>
                          <rotationAngle>TdZero</rotationAngle>
                          <icon>
                            <ID/>
                            <iconFontName>jdIonicons</iconFontName>
                            <iconCode>62419</iconCode>
                          </icon>
                          <URL>2E967326C22523F5F084001B9F4E5BC7.svg</URL>
                          <FlipHorizontal>False</FlipHorizontal>
                          <FlipVertical>False</FlipVertical>
                        </controlProperties>
                      </control>
                    </groupChildrenDescriptors>
                  </controlProperties>
                </control>
                <control controlID="0421ABCE-4F64-4A41-9D50-AD497E2C5250" controlTypeID="__group__" isShow="True" caption="%E7%BB%84" x="1" y="241" w="343" h="40" measuredW="0" measuredH="0" zOrder="3" locked="False" sizeLocked="False">
                  <controlProperties>
                    <basic color="4294967295" borderVisible="True" borderColor="4284900966" isAutoSize="False" status="MsEnabled" opacity="1" isCommentCom="False" canMove="True" alias="" rotation="0"/>
                    <states/>
                    <verticalScrollbarShow>False</verticalScrollbarShow>
                    <verticalScrollbarProgress>0</verticalScrollbarProgress>
                    <horizontalScrollbarShow>False</horizontalScrollbarShow>
                    <horizontalScrollbarProgress>0</horizontalScrollbarProgress>
                    <links eventType="AtClick" animate="AmNone" animateAutoDelay="0" animateDuration="500">
                      <link targetPageID="B1570487-E3B3-47B7-85FF-886AECABC88A" linkType="ltPageLink" isApplyIncludePage="False" title="%E8%AF%AD%E9%9F%B3%E9%80%9A%E7%9F%A5">
                        <area shape="0" alt="" ID="{6C706FDE-D4E8-417B-8751-1775D67F1BAB}" coords="(0,0,343,40)"/>
                      </link>
                    </links>
                    <interactiveData>
                      <entry title="">
                        <area shape="0" alt="" ID="{D9718A14-503B-4DA5-950E-882AC0DAB085}" coords="(0,0,343,40)"/>
                        <events title=""/>
                      </entry>
                    </interactiveData>
                    <groupChildrenDescriptors>
                      <control controlID="A755E960-9FAD-427E-A643-EEFAD2A7B247" controlTypeID="Shape" isShow="True" caption="%E5%BD%A2%E7%8A%B6" x="0" y="0" w="343" h="40" measuredW="120" measuredH="100" zOrder="0" locked="False" sizeLocked="False">
                        <controlProperties>
                          <basic color="4294967295" borderVisible="True" borderColor="4284900966" isAutoSize="False" status="MsEnabled" opacity="1" isCommentCom="False" canMove="True" alias="" rotation="0"/>
                          <states/>
                          <verticalScrollbarShow>False</verticalScrollbarShow>
                          <verticalScrollbarProgress>0</verticalScrollbarProgress>
                          <horizontalScrollbarShow>False</horizontalScrollbarShow>
                          <horizontalScrollbarProgress>0</horizontalScrollbarProgress>
                          <links eventType="AtClick" animate="AmNone" animateAutoDelay="0" animateDuration="500">
                            <link targetPageID="B1570487-E3B3-47B7-85FF-886AECABC88A" linkType="ltPageLink" isApplyIncludePage="False" title="%E8%AF%AD%E9%9F%B3%E9%80%9A%E7%9F%A5">
                              <area shape="0" alt="" ID="{4FD87168-AE34-4C4E-BDED-30DCCA4A540B}" coords="(0,0,343,40)"/>
                            </link>
                          </links>
                          <interactiveData>
                            <entry title="">
                              <area shape="0" alt="" ID="{0CF5D451-666F-48DE-BCCA-2F8A26464DA1}" coords="(0,0,343,40)"/>
                              <events title=""/>
                            </entry>
                          </interactiveData>
                          <textSet textColor="4278190080" textSize="14" lineSpacingMultiple="1" textAlign="HaLeft" textVAlign="VaMiddle" textWordWrap="True" lineSpacing="18" textStyles="[]" useDefaultTextSize="True">
                            <font family="%E5%BE%AE%E8%BD%AF%E9%9B%85%E9%BB%91" displayName="%E5%BE%AE%E8%BD%AF%E9%9B%85%E9%BB%91" postScript="" weightStyle="Regular" weight="400" isBold="False" isItalic="False"/>
                            <text>++++%E8%AF%AD%E9%9F%B3%E9%80%9A%E7%9F%A5</text>
                          </textSet>
                          <selectedIndex>-1</selectedIndex>
                          <selectedColor>4282501083</selectedColor>
                          <textPadding>0</textPadding>
                          <shapeBorderType>SbRectangle</shapeBorderType>
                          <triangleType>TdZero</triangleType>
                          <dashMode>SdSolid</dashMode>
                          <rectangleBorderLeftVisible>True</rectangleBorderLeftVisible>
                          <rectangleBorderRightVisible>True</rectangleBorderRightVisible>
                          <rectangleBorderTopVisible>True</rectangleBorderTopVisible>
                          <rectangleBorderBottomVisible>True</rectangleBorderBottomVisible>
                          <radius>0</radius>
                          <radiusIsPercent>False</radiusIsPercent>
                          <thickness>1</thickness>
                        </controlProperties>
                      </control>
                      <control controlID="20E1F28F-3D32-4C51-B682-C6E261601E1A" controlTypeID="Icon" isShow="True" caption="%E5%9B%BE%E6%A0%87" x="319" y="14" w="15" h="15" measuredW="32" measuredH="32" zOrder="1" locked="False" sizeLocked="False">
                        <controlProperties>
                          <basic color="4288256409" borderVisible="True" borderColor="4284900966" isAutoSize="False" status="MsEnabled" opacity="1" isCommentCom="False" canMove="True" alias="" rotation="0"/>
                          <states/>
                          <verticalScrollbarShow>False</verticalScrollbarShow>
                          <verticalScrollbarProgress>0</verticalScrollbarProgress>
                          <horizontalScrollbarShow>False</horizontalScrollbarShow>
                          <horizontalScrollbarProgress>0</horizontalScrollbarProgress>
                          <links eventType="AtClick" animate="AmNone" animateAutoDelay="0" animateDuration="500">
                            <link targetPageID="" linkType="ltPageLink" isApplyIncludePage="False" title="%E9%93%BE%E6%8E%A5">
                              <area shape="0" alt="" ID="{41EDEBBA-E826-49BB-9F25-85EFA65E9F42}" coords="(0,0,15,15)"/>
                            </link>
                          </links>
                          <interactiveData>
                            <entry title="">
                              <area shape="0" alt="" ID="{68D868FB-FDE9-4358-8802-A3D4E464262D}" coords="(0,0,15,15)"/>
                              <events title=""/>
                            </entry>
                          </interactiveData>
                          <rotationAngle>TdZero</rotationAngle>
                          <icon>
                            <ID/>
                            <iconFontName>jdIonicons</iconFontName>
                            <iconCode>62419</iconCode>
                          </icon>
                          <URL>2E967326C22523F5F084001B9F4E5BC7.svg</URL>
                          <FlipHorizontal>False</FlipHorizontal>
                          <FlipVertical>False</FlipVertical>
                        </controlProperties>
                      </control>
                    </groupChildrenDescriptors>
                  </controlProperties>
                </control>
                <control controlID="DC08C804-BDDC-4E8E-9785-39396EFA8009" controlTypeID="__group__" isShow="True" caption="%E7%BB%84" x="1" y="280" w="343" h="40" measuredW="0" measuredH="0" zOrder="4" locked="False" sizeLocked="False">
                  <controlProperties>
                    <basic color="4294967295" borderVisible="True" borderColor="4284900966" isAutoSize="False" status="MsEnabled" opacity="1" isCommentCom="False" canMove="True" alias="" rotation="0"/>
                    <states/>
                    <verticalScrollbarShow>False</verticalScrollbarShow>
                    <verticalScrollbarProgress>0</verticalScrollbarProgress>
                    <horizontalScrollbarShow>False</horizontalScrollbarShow>
                    <horizontalScrollbarProgress>0</horizontalScrollbarProgress>
                    <links eventType="AtClick" animate="AmNone" animateAutoDelay="0" animateDuration="500">
                      <link targetPageID="" linkType="ltPageLink" isApplyIncludePage="False" title="%E9%93%BE%E6%8E%A5">
                        <area shape="0" alt="" ID="{24892FFB-25D8-4AAB-A674-97F819DB9EF6}" coords="(0,0,343,40)"/>
                      </link>
                    </links>
                    <interactiveData>
                      <entry title="">
                        <area shape="0" alt="" ID="{264A291F-D4AD-4FCB-B084-579EBF296ADD}" coords="(0,0,343,40)"/>
                        <events title=""/>
                      </entry>
                    </interactiveData>
                    <groupChildrenDescriptors>
                      <control controlID="F3D32010-D93D-4C5D-819A-910F0E4E80C9" controlTypeID="Shape" isShow="True" caption="%E5%BD%A2%E7%8A%B6" x="0" y="0" w="343" h="40" measuredW="120" measuredH="100" zOrder="0" locked="False" sizeLocked="False">
                        <controlProperties>
                          <basic color="4294967295" borderVisible="True" borderColor="4284900966" isAutoSize="False" status="MsEnabled" opacity="1" isCommentCom="False" canMove="True" alias="" rotation="0"/>
                          <states/>
                          <verticalScrollbarShow>False</verticalScrollbarShow>
                          <verticalScrollbarProgress>0</verticalScrollbarProgress>
                          <horizontalScrollbarShow>False</horizontalScrollbarShow>
                          <horizontalScrollbarProgress>0</horizontalScrollbarProgress>
                          <links eventType="AtClick" animate="AmNone" animateAutoDelay="0" animateDuration="500">
                            <link targetPageID="7DD3B4E4-955E-4B19-92B2-B7D306A24C52" linkType="ltPageLink" isApplyIncludePage="False" title="%E7%94%B5%E8%AF%9D%E4%BC%9A%E8%AE%AE">
                              <area shape="0" alt="" ID="{4FD87168-AE34-4C4E-BDED-30DCCA4A540B}" coords="(0,0,343,40)"/>
                            </link>
                          </links>
                          <interactiveData>
                            <entry title="">
                              <area shape="0" alt="" ID="{0CF5D451-666F-48DE-BCCA-2F8A26464DA1}" coords="(0,0,343,40)"/>
                              <events title=""/>
                            </entry>
                          </interactiveData>
                          <textSet textColor="4278190080" textSize="14" lineSpacingMultiple="1" textAlign="HaLeft" textVAlign="VaMiddle" textWordWrap="True" lineSpacing="18" textStyles="[]" useDefaultTextSize="True">
                            <font family="%E5%BE%AE%E8%BD%AF%E9%9B%85%E9%BB%91" displayName="%E5%BE%AE%E8%BD%AF%E9%9B%85%E9%BB%91" postScript="" weightStyle="Regular" weight="400" isBold="False" isItalic="False"/>
                            <text>++++%E7%94%B5%E8%AF%9D%E4%BC%9A%E8%AE%AE</text>
                          </textSet>
                          <selectedIndex>-1</selectedIndex>
                          <selectedColor>4282501083</selectedColor>
                          <textPadding>0</textPadding>
                          <shapeBorderType>SbRectangle</shapeBorderType>
                          <triangleType>TdZero</triangleType>
                          <dashMode>SdSolid</dashMode>
                          <rectangleBorderLeftVisible>True</rectangleBorderLeftVisible>
                          <rectangleBorderRightVisible>True</rectangleBorderRightVisible>
                          <rectangleBorderTopVisible>True</rectangleBorderTopVisible>
                          <rectangleBorderBottomVisible>True</rectangleBorderBottomVisible>
                          <radius>0</radius>
                          <radiusIsPercent>False</radiusIsPercent>
                          <thickness>1</thickness>
                        </controlProperties>
                      </control>
                      <control controlID="332238A1-0DDB-4D7C-B553-2335179A7A8E" controlTypeID="Icon" isShow="True" caption="%E5%9B%BE%E6%A0%87" x="319" y="14" w="15" h="15" measuredW="32" measuredH="32" zOrder="1" locked="False" sizeLocked="False">
                        <controlProperties>
                          <basic color="4288256409" borderVisible="True" borderColor="4284900966" isAutoSize="False" status="MsEnabled" opacity="1" isCommentCom="False" canMove="True" alias="" rotation="0"/>
                          <states/>
                          <verticalScrollbarShow>False</verticalScrollbarShow>
                          <verticalScrollbarProgress>0</verticalScrollbarProgress>
                          <horizontalScrollbarShow>False</horizontalScrollbarShow>
                          <horizontalScrollbarProgress>0</horizontalScrollbarProgress>
                          <links eventType="AtClick" animate="AmNone" animateAutoDelay="0" animateDuration="500">
                            <link targetPageID="" linkType="ltPageLink" isApplyIncludePage="False" title="%E9%93%BE%E6%8E%A5">
                              <area shape="0" alt="" ID="{41EDEBBA-E826-49BB-9F25-85EFA65E9F42}" coords="(0,0,15,15)"/>
                            </link>
                          </links>
                          <interactiveData>
                            <entry title="">
                              <area shape="0" alt="" ID="{68D868FB-FDE9-4358-8802-A3D4E464262D}" coords="(0,0,15,15)"/>
                              <events title=""/>
                            </entry>
                          </interactiveData>
                          <rotationAngle>TdZero</rotationAngle>
                          <icon>
                            <ID/>
                            <iconFontName>jdIonicons</iconFontName>
                            <iconCode>62419</iconCode>
                          </icon>
                          <URL>2E967326C22523F5F084001B9F4E5BC7.svg</URL>
                          <FlipHorizontal>False</FlipHorizontal>
                          <FlipVertical>False</FlipVertical>
                        </controlProperties>
                      </control>
                    </groupChildrenDescriptors>
                  </controlProperties>
                </control>
                <control controlID="A5F21A4D-5920-45E2-9E5C-FC3F53D74E90" controlTypeID="__group__" isShow="True" caption="%E7%BB%84" x="1" y="319" w="343" h="40" measuredW="0" measuredH="0" zOrder="5" locked="False" sizeLocked="False">
                  <controlProperties>
                    <basic color="4294967295" borderVisible="True" borderColor="4284900966" isAutoSize="False" status="MsEnabled" opacity="1" isCommentCom="False" canMove="True" alias="" rotation="0"/>
                    <states/>
                    <verticalScrollbarShow>False</verticalScrollbarShow>
                    <verticalScrollbarProgress>0</verticalScrollbarProgress>
                    <horizontalScrollbarShow>False</horizontalScrollbarShow>
                    <horizontalScrollbarProgress>0</horizontalScrollbarProgress>
                    <links eventType="AtClick" animate="AmNone" animateAutoDelay="0" animateDuration="500">
                      <link targetPageID="" linkType="ltPageLink" isApplyIncludePage="False" title="%E9%93%BE%E6%8E%A5">
                        <area shape="0" alt="" ID="{3A23D439-BD7C-4A86-8440-580002E0F801}" coords="(0,0,343,40)"/>
                      </link>
                    </links>
                    <interactiveData>
                      <entry title="">
                        <area shape="0" alt="" ID="{6F53E36F-1619-438E-9B53-334750148C51}" coords="(0,0,343,40)"/>
                        <events title=""/>
                      </entry>
                    </interactiveData>
                    <groupChildrenDescriptors>
                      <control controlID="DA742D06-A879-4658-A539-47313440BAF2" controlTypeID="Shape" isShow="True" caption="%E5%BD%A2%E7%8A%B6" x="0" y="0" w="343" h="40" measuredW="120" measuredH="100" zOrder="0" locked="False" sizeLocked="False">
                        <controlProperties>
                          <basic color="4294967295" borderVisible="True" borderColor="4284900966" isAutoSize="False" status="MsEnabled" opacity="1" isCommentCom="False" canMove="True" alias="" rotation="0"/>
                          <states/>
                          <verticalScrollbarShow>False</verticalScrollbarShow>
                          <verticalScrollbarProgress>0</verticalScrollbarProgress>
                          <horizontalScrollbarShow>False</horizontalScrollbarShow>
                          <horizontalScrollbarProgress>0</horizontalScrollbarProgress>
                          <links eventType="AtClick" animate="AmNone" animateAutoDelay="0" animateDuration="500">
                            <link targetPageID="2D76B205-B51C-4C7D-BB1E-27A77F433043" linkType="ltPageLink" isApplyIncludePage="False" title="%E5%8F%B7%E7%A0%81%E5%8D%AB%E5%A3%AB">
                              <area shape="0" alt="" ID="{4FD87168-AE34-4C4E-BDED-30DCCA4A540B}" coords="(0,0,343,40)"/>
                            </link>
                          </links>
                          <interactiveData>
                            <entry title="">
                              <area shape="0" alt="" ID="{0CF5D451-666F-48DE-BCCA-2F8A26464DA1}" coords="(0,0,343,40)"/>
                              <events title=""/>
                            </entry>
                          </interactiveData>
                          <textSet textColor="4278190080" textSize="14" lineSpacingMultiple="1" textAlign="HaLeft" textVAlign="VaMiddle" textWordWrap="True" lineSpacing="18" textStyles="[]" useDefaultTextSize="True">
                            <font family="%E5%BE%AE%E8%BD%AF%E9%9B%85%E9%BB%91" displayName="%E5%BE%AE%E8%BD%AF%E9%9B%85%E9%BB%91" postScript="" weightStyle="Regular" weight="400" isBold="False" isItalic="False"/>
                            <text>++++%E5%8F%B7%E7%A0%81%E5%8D%AB%E5%A3%AB</text>
                          </textSet>
                          <selectedIndex>-1</selectedIndex>
                          <selectedColor>4282501083</selectedColor>
                          <textPadding>0</textPadding>
                          <shapeBorderType>SbRectangle</shapeBorderType>
                          <triangleType>TdZero</triangleType>
                          <dashMode>SdSolid</dashMode>
                          <rectangleBorderLeftVisible>True</rectangleBorderLeftVisible>
                          <rectangleBorderRightVisible>True</rectangleBorderRightVisible>
                          <rectangleBorderTopVisible>True</rectangleBorderTopVisible>
                          <rectangleBorderBottomVisible>True</rectangleBorderBottomVisible>
                          <radius>0</radius>
                          <radiusIsPercent>False</radiusIsPercent>
                          <thickness>1</thickness>
                        </controlProperties>
                      </control>
                      <control controlID="980456E0-3C19-4767-9C43-ED0FA4C1D09A" controlTypeID="Icon" isShow="True" caption="%E5%9B%BE%E6%A0%87" x="319" y="12" w="15" h="15" measuredW="32" measuredH="32" zOrder="1" locked="False" sizeLocked="False">
                        <controlProperties>
                          <basic color="4288256409" borderVisible="True" borderColor="4284900966" isAutoSize="False" status="MsEnabled" opacity="1" isCommentCom="False" canMove="True" alias="" rotation="0"/>
                          <states/>
                          <verticalScrollbarShow>False</verticalScrollbarShow>
                          <verticalScrollbarProgress>0</verticalScrollbarProgress>
                          <horizontalScrollbarShow>False</horizontalScrollbarShow>
                          <horizontalScrollbarProgress>0</horizontalScrollbarProgress>
                          <links eventType="AtClick" animate="AmNone" animateAutoDelay="0" animateDuration="500">
                            <link targetPageID="" linkType="ltPageLink" isApplyIncludePage="False" title="%E9%93%BE%E6%8E%A5">
                              <area shape="0" alt="" ID="{41EDEBBA-E826-49BB-9F25-85EFA65E9F42}" coords="(0,0,15,15)"/>
                            </link>
                          </links>
                          <interactiveData>
                            <entry title="">
                              <area shape="0" alt="" ID="{68D868FB-FDE9-4358-8802-A3D4E464262D}" coords="(0,0,15,15)"/>
                              <events title=""/>
                            </entry>
                          </interactiveData>
                          <rotationAngle>TdZero</rotationAngle>
                          <icon>
                            <ID/>
                            <iconFontName>jdIonicons</iconFontName>
                            <iconCode>62419</iconCode>
                          </icon>
                          <URL>2E967326C22523F5F084001B9F4E5BC7.svg</URL>
                          <FlipHorizontal>False</FlipHorizontal>
                          <FlipVertical>False</FlipVertical>
                        </controlProperties>
                      </control>
                    </groupChildrenDescriptors>
                  </controlProperties>
                </control>
                <control controlID="5278B4C8-8782-41F4-AE4D-C1D1F2663CD1" controlTypeID="__group__" isShow="True" caption="%E7%BB%84" x="1" y="0" w="343" h="40" measuredW="0" measuredH="0" zOrder="6" locked="False" sizeLocked="False">
                  <controlProperties>
                    <basic color="4294967295" borderVisible="True" borderColor="4284900966" isAutoSize="False" status="MsEnabled" opacity="1" isCommentCom="False" canMove="True" alias="" rotation="0"/>
                    <states/>
                    <verticalScrollbarShow>False</verticalScrollbarShow>
                    <verticalScrollbarProgress>0</verticalScrollbarProgress>
                    <horizontalScrollbarShow>False</horizontalScrollbarShow>
                    <horizontalScrollbarProgress>0</horizontalScrollbarProgress>
                    <links eventType="AtClick" animate="AmNone" animateAutoDelay="0" animateDuration="500">
                      <link targetPageID="" linkType="ltPageLink" isApplyIncludePage="False" title="%E9%93%BE%E6%8E%A5">
                        <area shape="0" alt="" ID="{F64739ED-3EE1-43A7-ACD9-01389D284B28}" coords="(0,0,343,40)"/>
                      </link>
                    </links>
                    <interactiveData>
                      <entry title="">
                        <area shape="0" alt="" ID="{391F43D8-FCD6-4029-9366-294929DE0077}" coords="(0,0,343,40)"/>
                        <events title=""/>
                      </entry>
                    </interactiveData>
                    <groupChildrenDescriptors>
                      <control controlID="29820E3E-8328-41EA-BF41-F2A0EFC8B86E" controlTypeID="Shape" isShow="True" caption="%E5%BD%A2%E7%8A%B6" x="0" y="0" w="343" h="40" measuredW="120" measuredH="100" zOrder="0" locked="False" sizeLocked="False">
                        <controlProperties>
                          <basic color="4294967295" borderVisible="True" borderColor="4284900966" isAutoSize="False" status="MsEnabled" opacity="1" isCommentCom="False" canMove="True" alias="" rotation="0"/>
                          <states/>
                          <verticalScrollbarShow>False</verticalScrollbarShow>
                          <verticalScrollbarProgress>0</verticalScrollbarProgress>
                          <horizontalScrollbarShow>False</horizontalScrollbarShow>
                          <horizontalScrollbarProgress>0</horizontalScrollbarProgress>
                          <links eventType="AtClick" animate="AmNone" animateAutoDelay="0" animateDuration="500">
                            <link targetPageID="C9AEC8B5-1712-4AF4-BF9E-FA10BBCF9132" linkType="ltPageLink" isApplyIncludePage="False" title="%E5%88%9B%E5%BB%BA%E5%91%98%E5%B7%A5%E4%BF%A1%E6%81%AF">
                              <area shape="0" alt="" ID="{4FD87168-AE34-4C4E-BDED-30DCCA4A540B}" coords="(0,0,343,40)"/>
                            </link>
                          </links>
                          <interactiveData>
                            <entry title="">
                              <area shape="0" alt="" ID="{0CF5D451-666F-48DE-BCCA-2F8A26464DA1}" coords="(0,0,343,40)"/>
                              <events title=""/>
                            </entry>
                          </interactiveData>
                          <textSet textColor="4278190080" textSize="14" lineSpacingMultiple="1" textAlign="HaLeft" textVAlign="VaMiddle" textWordWrap="True" lineSpacing="18" textStyles="[]" useDefaultTextSize="True">
                            <font family="%E5%BE%AE%E8%BD%AF%E9%9B%85%E9%BB%91" displayName="%E5%BE%AE%E8%BD%AF%E9%9B%85%E9%BB%91" postScript="" weightStyle="Regular" weight="400" isBold="False" isItalic="False"/>
                            <text>++++%E5%88%9B%E5%BB%BA%E5%91%98%E5%B7%A5%E4%BF%A1%E6%81%AF</text>
                          </textSet>
                          <selectedIndex>-1</selectedIndex>
                          <selectedColor>4282501083</selectedColor>
                          <textPadding>0</textPadding>
                          <shapeBorderType>SbRectangle</shapeBorderType>
                          <triangleType>TdZero</triangleType>
                          <dashMode>SdSolid</dashMode>
                          <rectangleBorderLeftVisible>True</rectangleBorderLeftVisible>
                          <rectangleBorderRightVisible>True</rectangleBorderRightVisible>
                          <rectangleBorderTopVisible>True</rectangleBorderTopVisible>
                          <rectangleBorderBottomVisible>True</rectangleBorderBottomVisible>
                          <radius>0</radius>
                          <radiusIsPercent>False</radiusIsPercent>
                          <thickness>1</thickness>
                        </controlProperties>
                      </control>
                      <control controlID="F6FDFE89-CE75-42EC-AA3F-CE4552CCC58E" controlTypeID="Icon" isShow="True" caption="%E5%9B%BE%E6%A0%87" x="320" y="11" w="15" h="15" measuredW="32" measuredH="32" zOrder="1" locked="False" sizeLocked="False">
                        <controlProperties>
                          <basic color="4288256409" borderVisible="True" borderColor="4284900966" isAutoSize="False" status="MsEnabled" opacity="1" isCommentCom="False" canMove="True" alias="" rotation="0"/>
                          <states/>
                          <verticalScrollbarShow>False</verticalScrollbarShow>
                          <verticalScrollbarProgress>0</verticalScrollbarProgress>
                          <horizontalScrollbarShow>False</horizontalScrollbarShow>
                          <horizontalScrollbarProgress>0</horizontalScrollbarProgress>
                          <links eventType="AtClick" animate="AmNone" animateAutoDelay="0" animateDuration="500">
                            <link targetPageID="" linkType="ltPageLink" isApplyIncludePage="False" title="%E9%93%BE%E6%8E%A5">
                              <area shape="0" alt="" ID="{41EDEBBA-E826-49BB-9F25-85EFA65E9F42}" coords="(0,0,15,15)"/>
                            </link>
                          </links>
                          <interactiveData>
                            <entry title="">
                              <area shape="0" alt="" ID="{68D868FB-FDE9-4358-8802-A3D4E464262D}" coords="(0,0,15,15)"/>
                              <events title=""/>
                            </entry>
                          </interactiveData>
                          <rotationAngle>TdZero</rotationAngle>
                          <icon>
                            <ID/>
                            <iconFontName>jdIonicons</iconFontName>
                            <iconCode>62419</iconCode>
                          </icon>
                          <URL>2E967326C22523F5F084001B9F4E5BC7.svg</URL>
                          <FlipHorizontal>False</FlipHorizontal>
                          <FlipVertical>False</FlipVertical>
                        </controlProperties>
                      </control>
                    </groupChildrenDescriptors>
                  </controlProperties>
                </control>
                <control controlID="FA393D86-AAC8-4EBB-AB5D-8A180761C6B2" controlTypeID="__group__" isShow="True" caption="%E7%BB%84" x="1" y="39" w="343" h="40" measuredW="0" measuredH="0" zOrder="7" locked="False" sizeLocked="False">
                  <controlProperties>
                    <basic color="4294967295" borderVisible="True" borderColor="4284900966" isAutoSize="False" status="MsEnabled" opacity="1" isCommentCom="False" canMove="True" alias="" rotation="0"/>
                    <states/>
                    <verticalScrollbarShow>False</verticalScrollbarShow>
                    <verticalScrollbarProgress>0</verticalScrollbarProgress>
                    <horizontalScrollbarShow>False</horizontalScrollbarShow>
                    <horizontalScrollbarProgress>0</horizontalScrollbarProgress>
                    <links eventType="AtClick" animate="AmNone" animateAutoDelay="0" animateDuration="500">
                      <link targetPageID="" linkType="ltPageLink" isApplyIncludePage="False" title="%E9%93%BE%E6%8E%A5">
                        <area shape="0" alt="" ID="{D1C8C80D-0A4E-483A-9E0C-3F3526BADF97}" coords="(0,0,343,40)"/>
                      </link>
                    </links>
                    <interactiveData>
                      <entry title="">
                        <area shape="0" alt="" ID="{EE239265-BB48-4818-8D0F-D3BF42102307}" coords="(0,0,343,40)"/>
                        <events title=""/>
                      </entry>
                    </interactiveData>
                    <groupChildrenDescriptors>
                      <control controlID="30AE90D7-3024-4DCD-A8AC-780423BEE091" controlTypeID="Shape" isShow="True" caption="%E5%BD%A2%E7%8A%B6" x="0" y="0" w="343" h="40" measuredW="120" measuredH="100" zOrder="0" locked="False" sizeLocked="False">
                        <controlProperties>
                          <basic color="4294967295" borderVisible="True" borderColor="4284900966" isAutoSize="False" status="MsEnabled" opacity="1" isCommentCom="False" canMove="True" alias="" rotation="0"/>
                          <states/>
                          <verticalScrollbarShow>False</verticalScrollbarShow>
                          <verticalScrollbarProgress>0</verticalScrollbarProgress>
                          <horizontalScrollbarShow>False</horizontalScrollbarShow>
                          <horizontalScrollbarProgress>0</horizontalScrollbarProgress>
                          <links eventType="AtClick" animate="AmNone" animateAutoDelay="0" animateDuration="500">
                            <link targetPageID="828198EC-4CE3-43FF-9828-4253383619BA" linkType="ltPageLink" isApplyIncludePage="False" title="%E6%9F%A5%E8%AF%A2%E5%91%98%E5%B7%A5%E5%88%97%E8%A1%A8">
                              <area shape="0" alt="" ID="{4FD87168-AE34-4C4E-BDED-30DCCA4A540B}" coords="(0,0,343,40)"/>
                            </link>
                          </links>
                          <interactiveData>
                            <entry title="">
                              <area shape="0" alt="" ID="{0CF5D451-666F-48DE-BCCA-2F8A26464DA1}" coords="(0,0,343,40)"/>
                              <events title=""/>
                            </entry>
                          </interactiveData>
                          <textSet textColor="4278190080" textSize="14" lineSpacingMultiple="1" textAlign="HaLeft" textVAlign="VaMiddle" textWordWrap="True" lineSpacing="18" textStyles="[]" useDefaultTextSize="True">
                            <font family="%E5%BE%AE%E8%BD%AF%E9%9B%85%E9%BB%91" displayName="%E5%BE%AE%E8%BD%AF%E9%9B%85%E9%BB%91" postScript="" weightStyle="Regular" weight="400" isBold="False" isItalic="False"/>
                            <text>++++%E6%9F%A5%E8%AF%A2%E5%91%98%E5%B7%A5%E5%88%97%E8%A1%A8</text>
                          </textSet>
                          <selectedIndex>-1</selectedIndex>
                          <selectedColor>4282501083</selectedColor>
                          <textPadding>0</textPadding>
                          <shapeBorderType>SbRectangle</shapeBorderType>
                          <triangleType>TdZero</triangleType>
                          <dashMode>SdSolid</dashMode>
                          <rectangleBorderLeftVisible>True</rectangleBorderLeftVisible>
                          <rectangleBorderRightVisible>True</rectangleBorderRightVisible>
                          <rectangleBorderTopVisible>True</rectangleBorderTopVisible>
                          <rectangleBorderBottomVisible>True</rectangleBorderBottomVisible>
                          <radius>0</radius>
                          <radiusIsPercent>False</radiusIsPercent>
                          <thickness>1</thickness>
                        </controlProperties>
                      </control>
                      <control controlID="942EB981-E0FD-429B-A641-45E8A263CD0A" controlTypeID="Icon" isShow="True" caption="%E5%9B%BE%E6%A0%87" x="319" y="14" w="15" h="15" measuredW="32" measuredH="32" zOrder="1" locked="False" sizeLocked="False">
                        <controlProperties>
                          <basic color="4288256409" borderVisible="True" borderColor="4284900966" isAutoSize="False" status="MsEnabled" opacity="1" isCommentCom="False" canMove="True" alias="" rotation="0"/>
                          <states/>
                          <verticalScrollbarShow>False</verticalScrollbarShow>
                          <verticalScrollbarProgress>0</verticalScrollbarProgress>
                          <horizontalScrollbarShow>False</horizontalScrollbarShow>
                          <horizontalScrollbarProgress>0</horizontalScrollbarProgress>
                          <links eventType="AtClick" animate="AmNone" animateAutoDelay="0" animateDuration="500">
                            <link targetPageID="" linkType="ltPageLink" isApplyIncludePage="False" title="%E9%93%BE%E6%8E%A5">
                              <area shape="0" alt="" ID="{41EDEBBA-E826-49BB-9F25-85EFA65E9F42}" coords="(0,0,15,15)"/>
                            </link>
                          </links>
                          <interactiveData>
                            <entry title="">
                              <area shape="0" alt="" ID="{68D868FB-FDE9-4358-8802-A3D4E464262D}" coords="(0,0,15,15)"/>
                              <events title=""/>
                            </entry>
                          </interactiveData>
                          <rotationAngle>TdZero</rotationAngle>
                          <icon>
                            <ID/>
                            <iconFontName>jdIonicons</iconFontName>
                            <iconCode>62419</iconCode>
                          </icon>
                          <URL>2E967326C22523F5F084001B9F4E5BC7.svg</URL>
                          <FlipHorizontal>False</FlipHorizontal>
                          <FlipVertical>False</FlipVertical>
                        </controlProperties>
                      </control>
                    </groupChildrenDescriptors>
                  </controlProperties>
                </control>
              </groupChildrenDescriptors>
            </controlProperties>
          </control>
          <control controlID="92840956-1B6F-400D-A040-B2CDF9958E50" controlTypeID="Border" isShow="True" caption="Border" x="0" y="0" w="345" h="542" measuredW="0" measuredH="0" zOrder="1" locked="True" sizeLocked="False">
            <controlProperties>
              <basic color="4284900966" borderVisible="False" borderColor="4278190080" isAutoSize="False" status="MsEnabled" opacity="1" isCommentCom="False" canMove="True" alias="borderLayer" rotation="0"/>
              <states/>
              <verticalScrollbarShow>False</verticalScrollbarShow>
              <verticalScrollbarProgress>0</verticalScrollbarProgress>
              <horizontalScrollbarShow>False</horizontalScrollbarShow>
              <horizontalScrollbarProgress>0</horizontalScrollbarProgress>
              <links eventType="AtClick" animate="AmNone" animateAutoDelay="0" animateDuration="500">
                <link targetPageID="" linkType="ltPageLink" isApplyIncludePage="False" title="%E9%93%BE%E6%8E%A5">
                  <area shape="0" alt="" ID="{C576E4C6-598C-4E13-B739-C59E7CAC380A}" coords="(0,0,345,542)"/>
                </link>
              </links>
              <interactiveData>
                <entry title="">
                  <area shape="0" alt="" ID="{49B67330-5BA0-4C73-AB62-70FC57F88E59}" coords="(0,0,345,542)"/>
                  <events title=""/>
                </entry>
              </interactiveData>
              <thickness>1</thickness>
              <dashMode>SdSolid</dashMode>
            </controlProperties>
          </control>
        </groupChildrenDescriptors>
        <canHoriScroll>False</canHoriScroll>
        <canVertScroll>True</canVertScroll>
        <showScrollBars>True</showScrollBars>
      </controlProperties>
    </control>
  </controls>
  <param>
    <backgroundColor>4294967295</backgroundColor>
    <fontSize>14</fontSize>
    <fontFamily>%E5%BE%AE%E8%BD%AF%E9%9B%85%E9%BB%91</fontFamily>
    <guideLines/>
  </param>
</mockup>