﻿<mockup version="4.5" minAllowVersion="4.5" ID="45BF2DBE-38F9-4988-B10C-B6136D9C7656" platform="MtMobile" defaultW="375" defaultH="667" screenOrientation="MoPortrait" mobileScreenScale="1.77777779102325" measureW="375" measureH="667" clipArea="(0,0,0,0)">
  <controls controlCount="16">
    <control controlID="9CCD664E-3B24-45D9-AAF9-C808D964A27F" controlTypeID="Line" isShow="True" caption="%E7%BA%BF%E6%AE%B5" x="0" y="60" w="374" h="1" measuredW="120" measuredH="120" zOrder="0" locked="False" sizeLocked="False">
      <controlProperties>
        <basic color="4284900966" borderVisible="True" borderColor="4284900966" isAutoSize="False" status="MsEnabled" opacity="1" isCommentCom="False" canMove="True" alias="" rotation="0"/>
        <states/>
        <verticalScrollbarShow>False</verticalScrollbarShow>
        <verticalScrollbarProgress>0</verticalScrollbarProgress>
        <horizontalScrollbarShow>False</horizontalScrollbarShow>
        <horizontalScrollbarProgress>0</horizontalScrollbarProgress>
        <links eventType="AtClick" animate="AmNone" animateAutoDelay="0" animateDuration="500">
          <link targetPageID="" linkType="ltPageLink" isApplyIncludePage="False" title="%E9%93%BE%E6%8E%A5">
            <area shape="0" alt="" ID="{D71C4B50-A9AB-4DAD-AAF9-266A8C9162BE}" coords="(0,0,374,1)"/>
          </link>
        </links>
        <interactiveData>
          <entry title="">
            <area shape="0" alt="" ID="{8F8C9C1C-9B7F-4D14-A793-44CE49B6D51D}" coords="(0,0,374,1)"/>
            <events title=""/>
          </entry>
        </interactiveData>
        <textSet textColor="4278190080" textSize="14" lineSpacingMultiple="1" textAlign="HaCenter" textVAlign="VaTop" textWordWrap="True" lineSpacing="18" textStyles="[]" useDefaultTextSize="True">
          <font family="%E5%BE%AE%E8%BD%AF%E9%9B%85%E9%BB%91" displayName="%E5%BE%AE%E8%BD%AF%E9%9B%85%E9%BB%91" postScript="" weightStyle="Regular" weight="400" isBold="False" isItalic="False"/>
        </textSet>
        <selectedIndex>-1</selectedIndex>
        <selectedColor>4282501083</selectedColor>
        <textPadding>0</textPadding>
        <controlPoint>(187,0)</controlPoint>
        <startPoint>(0,0)</startPoint>
        <endPoint>(374,0)</endPoint>
        <thickness>1</thickness>
        <dashMode>SdSolid</dashMode>
        <textBackgroundColor>4294967295</textBackgroundColor>
        <textBorderColor>4284900966</textBorderColor>
        <showStartArrow>0</showStartArrow>
        <showEndArrow>0</showEndArrow>
        <isCurved>True</isCurved>
        <isTextPosCenter>True</isTextPosCenter>
      </controlProperties>
    </control>
    <control controlID="6DF6BE11-CA97-470D-BE8D-937E39D89621" controlTypeID="Label" isShow="True" caption="%E5%8D%95%E8%A1%8C%E6%96%87%E5%AD%97" x="158" y="26" w="56" h="19" measuredW="0" measuredH="0" zOrder="1" locked="False" sizeLocked="False">
      <controlProperties>
        <basic color="0" borderVisible="True" borderColor="4284900966" isAutoSize="True" status="MsEnabled" opacity="1" isCommentCom="False" canMove="True" alias="" rotation="0"/>
        <states/>
        <verticalScrollbarShow>False</verticalScrollbarShow>
        <verticalScrollbarProgress>0</verticalScrollbarProgress>
        <horizontalScrollbarShow>False</horizontalScrollbarShow>
        <horizontalScrollbarProgress>0</horizontalScrollbarProgress>
        <links eventType="AtClick" animate="AmNone" animateAutoDelay="0" animateDuration="500">
          <link targetPageID="" linkType="ltPageLink" isApplyIncludePage="False" title="%E9%93%BE%E6%8E%A5">
            <area shape="0" alt="" ID="{4F4DA76F-2A33-43BA-967C-B687C08EDA2E}" coords="(0,0,56,19)"/>
          </link>
        </links>
        <interactiveData>
          <entry title="">
            <area shape="0" alt="" ID="{1A454765-675B-452F-86BF-1843CEB2C470}" coords="(0,0,56,19)"/>
            <events title=""/>
          </entry>
        </interactiveData>
        <textSet textColor="4278190080" textSize="14" lineSpacingMultiple="1" textAlign="HaLeft" textVAlign="VaTop" textWordWrap="True" lineSpacing="18" textStyles="[]" useDefaultTextSize="True">
          <font family="%E5%BE%AE%E8%BD%AF%E9%9B%85%E9%BB%91" displayName="%E5%BE%AE%E8%BD%AF%E9%9B%85%E9%BB%91" postScript="" weightStyle="Regular" weight="400" isBold="False" isItalic="False"/>
          <text>%E7%94%B5%E8%AF%9D%E4%BC%9A%E8%AE%AE</text>
        </textSet>
        <selectedIndex>-1</selectedIndex>
        <selectedColor>4282501083</selectedColor>
        <textPadding>0</textPadding>
      </controlProperties>
    </control>
    <control controlID="2669C281-746A-4787-BD82-07B333527AAE" controlTypeID="Icon" isShow="True" caption="%E5%9B%BE%E6%A0%87" x="15" y="28" w="15" h="15" measuredW="32" measuredH="32" zOrder="2" locked="False" sizeLocked="False">
      <controlProperties>
        <basic color="4284900966" borderVisible="True" borderColor="4284900966" isAutoSize="False" status="MsEnabled" opacity="1" isCommentCom="False" canMove="True" alias="" rotation="0"/>
        <states/>
        <verticalScrollbarShow>False</verticalScrollbarShow>
        <verticalScrollbarProgress>0</verticalScrollbarProgress>
        <horizontalScrollbarShow>False</horizontalScrollbarShow>
        <horizontalScrollbarProgress>0</horizontalScrollbarProgress>
        <links eventType="AtClick" animate="AmNone" animateAutoDelay="0" animateDuration="500">
          <link targetPageID="C74671EA-A0BF-491E-A4AF-B81EF917289B" linkType="ltPageLink" isApplyIncludePage="False" title="%E8%AF%AD%E9%9F%B3%E9%AA%8C%E8%AF%81%E7%A0%81">
            <area shape="0" alt="" ID="{A8F47A00-BA06-4E0D-83CA-DF54E34D6264}" coords="(0,0,15,15)"/>
          </link>
        </links>
        <interactiveData>
          <entry title="">
            <area shape="0" alt="" ID="{E8FD2DFC-AACE-4B39-A172-81F8985AF00C}" coords="(0,0,15,15)"/>
            <events title=""/>
          </entry>
        </interactiveData>
        <rotationAngle>TdZero</rotationAngle>
        <icon>
          <ID/>
          <iconFontName>jdIonicons</iconFontName>
          <iconCode>62154</iconCode>
        </icon>
        <URL>D95E480717200F895E41DB6E5B869596.svg</URL>
        <FlipHorizontal>False</FlipHorizontal>
        <FlipVertical>False</FlipVertical>
      </controlProperties>
    </control>
    <control controlID="DE60BB84-7BBF-40AD-A6FB-FBCE0D4D7E4C" controlTypeID="ScrollView" isShow="True" caption="%E6%BB%9A%E5%8A%A8%E5%8C%BA" x="9" y="71" w="355" h="591" measuredW="0" measuredH="0" zOrder="3" locked="False" sizeLocked="False">
      <controlProperties>
        <basic color="4294967295" borderVisible="True" borderColor="4284900966" isAutoSize="False" status="MsEnabled" opacity="1" isCommentCom="False" canMove="True" alias="" rotation="0"/>
        <states/>
        <verticalScrollbarShow>False</verticalScrollbarShow>
        <verticalScrollbarProgress>0</verticalScrollbarProgress>
        <horizontalScrollbarShow>False</horizontalScrollbarShow>
        <horizontalScrollbarProgress>0</horizontalScrollbarProgress>
        <links eventType="AtClick" animate="AmNone" animateAutoDelay="0" animateDuration="500">
          <link targetPageID="" linkType="ltPageLink" isApplyIncludePage="False" title="%E9%93%BE%E6%8E%A5">
            <area shape="0" alt="" ID="{493B27DD-7C9E-410D-AD7B-2F2F8C7AC528}" coords="(0,0,355,591)"/>
          </link>
        </links>
        <interactiveData>
          <entry title="">
            <area shape="0" alt="" ID="{7CD2FC0D-9875-40DC-8888-BD7C7DEB0923}" coords="(0,0,355,591)"/>
            <events title=""/>
          </entry>
        </interactiveData>
        <groupChildrenDescriptors>
          <control controlID="735C8997-0EBD-4575-A8D0-65C73BC85176" controlTypeID="ScrollViewContentPanel" isShow="True" caption="%E6%BB%9A%E5%8A%A8%E5%8C%BA%E5%86%85%E5%AE%B9%E5%B1%82" x="0" y="0" w="355" h="591" measuredW="0" measuredH="0" zOrder="0" locked="True" sizeLocked="False">
            <controlProperties>
              <basic color="0" borderVisible="False" borderColor="4278190080" isAutoSize="False" status="MsEnabled" opacity="1" isCommentCom="False" canMove="True" alias="contentPanel" rotation="0"/>
              <states/>
              <verticalScrollbarShow>False</verticalScrollbarShow>
              <verticalScrollbarProgress>0</verticalScrollbarProgress>
              <horizontalScrollbarShow>False</horizontalScrollbarShow>
              <horizontalScrollbarProgress>0</horizontalScrollbarProgress>
              <links eventType="AtClick" animate="AmNone" animateAutoDelay="0" animateDuration="500">
                <link targetPageID="" linkType="ltPageLink" isApplyIncludePage="False" title="%E9%93%BE%E6%8E%A5">
                  <area shape="0" alt="" ID="{1064337C-B597-4E3E-A98D-395F464BAE8F}" coords="(0,0,355,591)"/>
                </link>
              </links>
              <interactiveData>
                <entry title="">
                  <area shape="0" alt="" ID="{511AE917-3281-4168-AEAE-3FBA3F7A3211}" coords="(0,0,355,591)"/>
                  <events title=""/>
                </entry>
              </interactiveData>
              <groupChildrenDescriptors>
                <control controlID="6BE74C4D-E0C8-459D-AAEA-67797429049F" controlTypeID="Label" isShow="True" caption="%E5%8D%95%E8%A1%8C%E6%96%87%E5%AD%97" x="20" y="20" w="235" h="19" measuredW="0" measuredH="0" zOrder="0" locked="False" sizeLocked="False">
                  <controlProperties>
                    <basic color="0" borderVisible="True" borderColor="4284900966" isAutoSize="True" status="MsEnabled" opacity="1" isCommentCom="False" canMove="True" alias="" rotation="0"/>
                    <states/>
                    <verticalScrollbarShow>False</verticalScrollbarShow>
                    <verticalScrollbarProgress>0</verticalScrollbarProgress>
                    <horizontalScrollbarShow>False</horizontalScrollbarShow>
                    <horizontalScrollbarProgress>0</horizontalScrollbarProgress>
                    <links eventType="AtClick" animate="AmNone" animateAutoDelay="0" animateDuration="500">
                      <link targetPageID="" linkType="ltPageLink" isApplyIncludePage="False" title="%E9%93%BE%E6%8E%A5">
                        <area shape="0" alt="" ID="{F7E50676-9EF8-4FD5-AC78-10B2EBFAEEDF}" coords="(0,0,235,19)"/>
                      </link>
                    </links>
                    <interactiveData>
                      <entry title="">
                        <area shape="0" alt="" ID="{345FF93B-51E8-4353-9726-2F4BE1CEC04B}" coords="(0,0,235,19)"/>
                        <events title=""/>
                      </entry>
                    </interactiveData>
                    <textSet textColor="4278190080" textSize="14" lineSpacingMultiple="1" textAlign="HaLeft" textVAlign="VaTop" textWordWrap="True" lineSpacing="18" textStyles="[]" useDefaultTextSize="True">
                      <font family="%E5%BE%AE%E8%BD%AF%E9%9B%85%E9%BB%91" displayName="%E5%BE%AE%E8%BD%AF%E9%9B%85%E9%BB%91" postScript="" weightStyle="Regular" weight="400" isBold="False" isItalic="False"/>
                      <text>%E8%AF%B7%E6%B1%82%E6%96%B9%E5%BC%8F%EF%BC%9Ahttps+Get%2FPost+%E6%96%B9%E5%BC%8F%E8%AF%B7%E6%B1%82%EF%BC%9B</text>
                    </textSet>
                    <selectedIndex>-1</selectedIndex>
                    <selectedColor>4282501083</selectedColor>
                    <textPadding>0</textPadding>
                  </controlProperties>
                </control>
                <control controlID="DF0224B5-6121-493A-95C8-BEFD55C799DF" controlTypeID="Label" isShow="True" caption="%E5%8D%95%E8%A1%8C%E6%96%87%E5%AD%97" x="20" y="56" w="64" h="19" measuredW="0" measuredH="0" zOrder="1" locked="False" sizeLocked="False">
                  <controlProperties>
                    <basic color="0" borderVisible="True" borderColor="4284900966" isAutoSize="True" status="MsEnabled" opacity="1" isCommentCom="False" canMove="True" alias="" rotation="0"/>
                    <states/>
                    <verticalScrollbarShow>False</verticalScrollbarShow>
                    <verticalScrollbarProgress>0</verticalScrollbarProgress>
                    <horizontalScrollbarShow>False</horizontalScrollbarShow>
                    <horizontalScrollbarProgress>0</horizontalScrollbarProgress>
                    <links eventType="AtClick" animate="AmNone" animateAutoDelay="0" animateDuration="500">
                      <link targetPageID="" linkType="ltPageLink" isApplyIncludePage="False" title="%E9%93%BE%E6%8E%A5">
                        <area shape="0" alt="" ID="{F7E50676-9EF8-4FD5-AC78-10B2EBFAEEDF}" coords="(0,0,64,19)"/>
                      </link>
                    </links>
                    <interactiveData>
                      <entry title="">
                        <area shape="0" alt="" ID="{345FF93B-51E8-4353-9726-2F4BE1CEC04B}" coords="(0,0,64,19)"/>
                        <events title=""/>
                      </entry>
                    </interactiveData>
                    <textSet textColor="4278190080" textSize="14" lineSpacingMultiple="1" textAlign="HaLeft" textVAlign="VaTop" textWordWrap="True" lineSpacing="18" textStyles="[]" useDefaultTextSize="True">
                      <font family="%E5%BE%AE%E8%BD%AF%E9%9B%85%E9%BB%91" displayName="%E5%BE%AE%E8%BD%AF%E9%9B%85%E9%BB%91" postScript="" weightStyle="Regular" weight="400" isBold="False" isItalic="False"/>
                      <text>%E8%AF%B7%E6%B1%82%E5%9C%B0%E5%9D%80%EF%BC%9A</text>
                    </textSet>
                    <selectedIndex>-1</selectedIndex>
                    <selectedColor>4282501083</selectedColor>
                    <textPadding>0</textPadding>
                  </controlProperties>
                </control>
                <control controlID="3B7477B4-87DB-4E1B-A92C-0B6ED85AD42C" controlTypeID="TextArea" isShow="True" caption="%E5%A4%9A%E8%A1%8C%E6%96%87%E5%AD%97" x="91" y="56" w="240" h="84" measuredW="0" measuredH="126" zOrder="2" locked="False" sizeLocked="False">
                  <controlProperties>
                    <basic color="16777215" borderVisible="False" borderColor="4284900966" isAutoSize="False" status="MsEnabled" opacity="1" isCommentCom="False" canMove="True" alias="" rotation="0"/>
                    <states/>
                    <verticalScrollbarShow>False</verticalScrollbarShow>
                    <verticalScrollbarProgress>0</verticalScrollbarProgress>
                    <horizontalScrollbarShow>False</horizontalScrollbarShow>
                    <horizontalScrollbarProgress>0</horizontalScrollbarProgress>
                    <links eventType="AtClick" animate="AmNone" animateAutoDelay="0" animateDuration="500">
                      <link targetPageID="" linkType="ltPageLink" isApplyIncludePage="False" title="%E9%93%BE%E6%8E%A5">
                        <area shape="0" alt="" ID="{C329D071-6A35-4B81-BEA3-C7C5556402E7}" coords="(0,0,240,84)"/>
                      </link>
                    </links>
                    <interactiveData>
                      <entry title="">
                        <area shape="0" alt="" ID="{02F4F26A-10B6-4D43-AAB3-64BA7DB2767C}" coords="(0,0,240,84)"/>
                        <events title=""/>
                      </entry>
                    </interactiveData>
                    <textSet textColor="4278190080" textSize="14" lineSpacingMultiple="1" textAlign="HaLeft" textVAlign="VaTop" textWordWrap="True" lineSpacing="18" textStyles="[]" useDefaultTextSize="True">
                      <font family="%E5%BE%AE%E8%BD%AF%E9%9B%85%E9%BB%91" displayName="%E5%BE%AE%E8%BD%AF%E9%9B%85%E9%BB%91" postScript="" weightStyle="Regular" weight="400" isBold="False" isItalic="False"/>
                      <text>https%3A%2F%2F%3C%E5%9C%B0%E5%9D%80%E6%88%96%E5%9F%9F%E5%90%8D%3E%0D%0A%2F%7BSoftVersion%7D%2FAccounts%2F%7BAccountSid%7D%2FCalls%2FcallBack</text>
                    </textSet>
                    <selectedIndex>-1</selectedIndex>
                    <selectedColor>4282501083</selectedColor>
                    <textPadding>0</textPadding>
                  </controlProperties>
                </control>
                <control controlID="58889AB1-F877-4CC4-AB6B-122F312B79AC" controlTypeID="Button" isShow="True" caption="%E6%8C%89%E9%92%AE" x="22" y="173" w="155" h="48" measuredW="78" measuredH="36" zOrder="3" locked="False" sizeLocked="False">
                  <controlProperties>
                    <basic color="4294967295" borderVisible="True" borderColor="4284900966" isAutoSize="False" status="MsEnabled" opacity="1" isCommentCom="False" canMove="True" alias="" rotation="0"/>
                    <states/>
                    <verticalScrollbarShow>False</verticalScrollbarShow>
                    <verticalScrollbarProgress>0</verticalScrollbarProgress>
                    <horizontalScrollbarShow>False</horizontalScrollbarShow>
                    <horizontalScrollbarProgress>0</horizontalScrollbarProgress>
                    <links eventType="AtClick" animate="AmNone" animateAutoDelay="0" animateDuration="500">
                      <link targetPageID="" linkType="ltPageLink" isApplyIncludePage="False" title="%E9%93%BE%E6%8E%A5">
                        <area shape="0" alt="" ID="{FF4C85A5-8821-4506-BDB4-50A5535DA874}" coords="(0,0,155,48)"/>
                      </link>
                    </links>
                    <interactiveData>
                      <entry title="">
                        <area shape="0" alt="" ID="{3212A690-7FE9-4B36-A407-CA4AC36A5390}" coords="(0,0,155,48)"/>
                        <events title="">
                          <event eventType="atClick" isChecked="True">
                            <behaviour title="" isChecked="True" isWait="False" isLoop="False" execMode="emParallel">
                              <target targetID="056CF1CC-420C-41CE-9C1E-73FEDED46699" isChecked="True" isAutoRecovery="False" isLoop="False" execMode="emSequence">
                                <command name="Switch Stack Panel" isChecked="True" descrition="">
                                  <param name="AniInterpolation" value="0" varType="3" description=""/>
                                  <param name="AniDuration" value="200" varType="3" description=""/>
                                  <param name="AniAutoReverse" value="False" varType="11" description=""/>
                                  <param name="AniLoop" value="False" varType="11" description=""/>
                                  <param name="AniInterpolationTypeOut" value="False" varType="11" description=""/>
                                  <param name="Delay" value="0" varType="3" description=""/>
                                  <param name="SelecedIndex" value="0" varType="3" description=""/>
                                </command>
                              </target>
                            </behaviour>
                          </event>
                        </events>
                      </entry>
                    </interactiveData>
                    <textSet textColor="4278190080" textSize="14" lineSpacingMultiple="1" textAlign="HaCenter" textVAlign="VaMiddle" textWordWrap="True" lineSpacing="18" textStyles="[]" useDefaultTextSize="True">
                      <font family="%E5%BE%AE%E8%BD%AF%E9%9B%85%E9%BB%91" displayName="%E5%BE%AE%E8%BD%AF%E9%9B%85%E9%BB%91" postScript="" weightStyle="Regular" weight="400" isBold="False" isItalic="False"/>
                      <text>XML+%E7%A4%BA%E4%BE%8B</text>
                    </textSet>
                    <selectedIndex>-1</selectedIndex>
                    <selectedColor>4282501083</selectedColor>
                    <textPadding>0</textPadding>
                    <radius>6</radius>
                    <radiusIsPercent>False</radiusIsPercent>
                    <buttonStatus>BsNormal</buttonStatus>
                    <thickness>1</thickness>
                    <isAutoTextColor>False</isAutoTextColor>
                    <borderColor>4284900966</borderColor>
                  </controlProperties>
                </control>
                <control controlID="E376A42D-0912-4CA6-AFD8-ABDFD3D9394B" controlTypeID="Button" isShow="True" caption="%E6%8C%89%E9%92%AE" x="176" y="173" w="155" h="48" measuredW="78" measuredH="36" zOrder="4" locked="False" sizeLocked="False">
                  <controlProperties>
                    <basic color="4294967295" borderVisible="True" borderColor="4284900966" isAutoSize="False" status="MsEnabled" opacity="1" isCommentCom="False" canMove="True" alias="" rotation="0"/>
                    <states/>
                    <verticalScrollbarShow>False</verticalScrollbarShow>
                    <verticalScrollbarProgress>0</verticalScrollbarProgress>
                    <horizontalScrollbarShow>False</horizontalScrollbarShow>
                    <horizontalScrollbarProgress>0</horizontalScrollbarProgress>
                    <links eventType="AtClick" animate="AmNone" animateAutoDelay="0" animateDuration="500">
                      <link targetPageID="" linkType="ltPageLink" isApplyIncludePage="False" title="%E9%93%BE%E6%8E%A5">
                        <area shape="0" alt="" ID="{FF4C85A5-8821-4506-BDB4-50A5535DA874}" coords="(0,0,155,48)"/>
                      </link>
                    </links>
                    <interactiveData>
                      <entry title="">
                        <area shape="0" alt="" ID="{3212A690-7FE9-4B36-A407-CA4AC36A5390}" coords="(0,0,155,48)"/>
                        <events title="">
                          <event eventType="atClick" isChecked="True">
                            <behaviour title="" isChecked="True" isWait="False" isLoop="False" execMode="emParallel">
                              <target targetID="056CF1CC-420C-41CE-9C1E-73FEDED46699" isChecked="True" isAutoRecovery="False" isLoop="False" execMode="emSequence">
                                <command name="Switch Stack Panel" isChecked="True" descrition="">
                                  <param name="AniInterpolation" value="0" varType="3" description=""/>
                                  <param name="AniDuration" value="200" varType="3" description=""/>
                                  <param name="AniAutoReverse" value="False" varType="11" description=""/>
                                  <param name="AniLoop" value="False" varType="11" description=""/>
                                  <param name="AniInterpolationTypeOut" value="False" varType="11" description=""/>
                                  <param name="Delay" value="0" varType="3" description=""/>
                                  <param name="SelecedIndex" value="1" varType="3" description=""/>
                                </command>
                              </target>
                            </behaviour>
                          </event>
                        </events>
                      </entry>
                    </interactiveData>
                    <textSet textColor="4278190080" textSize="14" lineSpacingMultiple="1" textAlign="HaCenter" textVAlign="VaMiddle" textWordWrap="True" lineSpacing="18" textStyles="[]" useDefaultTextSize="True">
                      <font family="%E5%BE%AE%E8%BD%AF%E9%9B%85%E9%BB%91" displayName="%E5%BE%AE%E8%BD%AF%E9%9B%85%E9%BB%91" postScript="" weightStyle="Regular" weight="400" isBold="False" isItalic="False"/>
                      <text>JSON%E7%A4%BA%E4%BE%8B</text>
                    </textSet>
                    <selectedIndex>-1</selectedIndex>
                    <selectedColor>4282501083</selectedColor>
                    <textPadding>0</textPadding>
                    <radius>6</radius>
                    <radiusIsPercent>False</radiusIsPercent>
                    <buttonStatus>BsNormal</buttonStatus>
                    <thickness>1</thickness>
                    <isAutoTextColor>False</isAutoTextColor>
                    <borderColor>4284900966</borderColor>
                  </controlProperties>
                </control>
                <control controlID="056CF1CC-420C-41CE-9C1E-73FEDED46699" controlTypeID="ContentPanel" isShow="True" caption="%E5%86%85%E5%AE%B9%E9%9D%A2%E6%9D%BF" x="22" y="221" w="309" h="304" measuredW="0" measuredH="0" zOrder="5" locked="False" sizeLocked="False">
                  <controlProperties>
                    <basic color="4294967295" borderVisible="False" borderColor="4284900966" isAutoSize="False" status="MsEnabled" opacity="1" isCommentCom="False" canMove="True" alias="" rotation="0"/>
                    <states/>
                    <verticalScrollbarShow>False</verticalScrollbarShow>
                    <verticalScrollbarProgress>0</verticalScrollbarProgress>
                    <horizontalScrollbarShow>False</horizontalScrollbarShow>
                    <horizontalScrollbarProgress>0</horizontalScrollbarProgress>
                    <links eventType="AtClick" animate="AmNone" animateAutoDelay="0" animateDuration="500">
                      <link targetPageID="DE628F5B-B3A0-4775-9695-3597BBD34132" linkType="ltIncludePage" isApplyIncludePage="False" title="json">
                        <area shape="0" alt="" ID="{2BF7DF8E-B7C2-486B-AE41-33C4B109247E}" coords="(0,0,309,304)"/>
                      </link>
                    </links>
                    <interactiveData>
                      <entry title="">
                        <area shape="0" alt="" ID="{A409D385-71F4-4581-8224-86C546F57501}" coords="(0,0,309,304)"/>
                        <events title=""/>
                      </entry>
                    </interactiveData>
                    <groupChildrenDescriptors>
                      <control controlID="889D33CC-B21B-432E-9075-1CCD5B035D9E" controlTypeID="ScrollArea" isShow="True" caption="xml" x="0" y="0" w="309" h="304" measuredW="0" measuredH="0" zOrder="0" locked="False" sizeLocked="False">
                        <controlProperties>
                          <basic color="4294967295" borderVisible="False" borderColor="4284900966" isAutoSize="False" status="MsEnabled" opacity="1" isCommentCom="False" canMove="False" alias="xml" rotation="0"/>
                          <states/>
                          <verticalScrollbarShow>False</verticalScrollbarShow>
                          <verticalScrollbarProgress>0</verticalScrollbarProgress>
                          <horizontalScrollbarShow>False</horizontalScrollbarShow>
                          <horizontalScrollbarProgress>0</horizontalScrollbarProgress>
                          <links eventType="AtClick" animate="AmNone" animateAutoDelay="0" animateDuration="500">
                            <link targetPageID="" linkType="ltIncludePage" isApplyIncludePage="False" title="%E9%93%BE%E6%8E%A5">
                              <area shape="0" alt="" ID="{880E09AA-CFF5-4739-814D-7CEE4E29E3CA}" coords="(0,0,309,304)"/>
                            </link>
                          </links>
                          <interactiveData>
                            <entry title="">
                              <area shape="0" alt="" ID="{3DF45CF0-61F7-402C-8E15-C63298CE63DD}" coords="(0,0,309,304)"/>
                              <events title=""/>
                            </entry>
                          </interactiveData>
                          <groupChildrenDescriptors>
                            <control controlID="7380ADAC-478D-4428-BB46-0A36E7CCED03" controlTypeID="ScrollViewPort" isShow="True" caption="ScrollViewPort" x="0" y="0" w="300" h="300" measuredW="0" measuredH="0" zOrder="0" locked="False" sizeLocked="False">
                              <controlProperties>
                                <basic color="0" borderVisible="False" borderColor="4284900966" isAutoSize="False" status="MsEnabled" opacity="1" isCommentCom="False" canMove="False" alias="viewPort" rotation="0"/>
                                <states/>
                                <verticalScrollbarShow>False</verticalScrollbarShow>
                                <verticalScrollbarProgress>0</verticalScrollbarProgress>
                                <horizontalScrollbarShow>False</horizontalScrollbarShow>
                                <horizontalScrollbarProgress>0</horizontalScrollbarProgress>
                                <links eventType="AtClick" animate="AmNone" animateAutoDelay="0" animateDuration="500">
                                  <link targetPageID="DE628F5B-B3A0-4775-9695-3597BBD34132" linkType="ltIncludePage" isApplyIncludePage="True" title="%E9%93%BE%E6%8E%A5">
                                    <area shape="0" alt="" ID="{D86C3EBE-59E5-4C8A-8AB5-39232C4DEED3}" coords="(0,0,300,300)"/>
                                  </link>
                                </links>
                                <interactiveData>
                                  <entry title="">
                                    <area shape="0" alt="" ID="{9FA6F1E1-8B4C-45B1-993C-C57FE92CD49B}" coords="(0,0,300,300)"/>
                                    <events title=""/>
                                  </entry>
                                </interactiveData>
                              </controlProperties>
                            </control>
                          </groupChildrenDescriptors>
                        </controlProperties>
                      </control>
                      <control controlID="AA196798-D1F9-4B9C-B833-D3B71E845374" controlTypeID="ScrollArea" isShow="True" caption="json" x="0" y="0" w="309" h="304" measuredW="0" measuredH="0" zOrder="1" locked="False" sizeLocked="False">
                        <controlProperties>
                          <basic color="4294967295" borderVisible="False" borderColor="4284900966" isAutoSize="False" status="MsEnabled" opacity="1" isCommentCom="False" canMove="False" alias="json" rotation="0"/>
                          <states/>
                          <verticalScrollbarShow>False</verticalScrollbarShow>
                          <verticalScrollbarProgress>0</verticalScrollbarProgress>
                          <horizontalScrollbarShow>False</horizontalScrollbarShow>
                          <horizontalScrollbarProgress>0</horizontalScrollbarProgress>
                          <links eventType="AtClick" animate="AmNone" animateAutoDelay="0" animateDuration="500">
                            <link targetPageID="" linkType="ltIncludePage" isApplyIncludePage="False" title="%E9%93%BE%E6%8E%A5">
                              <area shape="0" alt="" ID="{CFDE5AFF-B180-465C-AE65-4C4A718D4E0C}" coords="(0,0,309,304)"/>
                            </link>
                          </links>
                          <interactiveData>
                            <entry title="">
                              <area shape="0" alt="" ID="{CD54A250-F3FB-4376-9F11-1A2CDBA646CE}" coords="(0,0,309,304)"/>
                              <events title=""/>
                            </entry>
                          </interactiveData>
                          <groupChildrenDescriptors>
                            <control controlID="C4B83888-F23E-48A4-A2D7-4846B79C10CD" controlTypeID="ScrollViewPort" isShow="True" caption="ScrollViewPort" x="0" y="0" w="300" h="300" measuredW="0" measuredH="0" zOrder="0" locked="False" sizeLocked="False">
                              <controlProperties>
                                <basic color="0" borderVisible="False" borderColor="4284900966" isAutoSize="False" status="MsEnabled" opacity="1" isCommentCom="False" canMove="False" alias="viewPort" rotation="0"/>
                                <states/>
                                <verticalScrollbarShow>False</verticalScrollbarShow>
                                <verticalScrollbarProgress>0</verticalScrollbarProgress>
                                <horizontalScrollbarShow>False</horizontalScrollbarShow>
                                <horizontalScrollbarProgress>0</horizontalScrollbarProgress>
                                <links eventType="AtClick" animate="AmNone" animateAutoDelay="0" animateDuration="500">
                                  <link targetPageID="AD90EE84-86DE-4A30-9F6F-59E6BE893952" linkType="ltIncludePage" isApplyIncludePage="True" title="%E9%93%BE%E6%8E%A5">
                                    <area shape="0" alt="" ID="{CA9BD018-3386-4C4F-B255-2FB231D9E322}" coords="(0,0,300,300)"/>
                                  </link>
                                </links>
                                <interactiveData>
                                  <entry title="">
                                    <area shape="0" alt="" ID="{3CD6FA21-7DC4-49B8-8BFA-529EAE3F43C7}" coords="(0,0,300,300)"/>
                                    <events title=""/>
                                  </entry>
                                </interactiveData>
                              </controlProperties>
                            </control>
                          </groupChildrenDescriptors>
                        </controlProperties>
                      </control>
                    </groupChildrenDescriptors>
                    <selectedIndex>0</selectedIndex>
                    <aniType>spaNone</aniType>
                    <playInterval>6000</playInterval>
                    <contentLayout>clAbsolute</contentLayout>
                    <canHoriScroll>False</canHoriScroll>
                    <canVertScroll>True</canVertScroll>
                    <showScrollBars>True</showScrollBars>
                  </controlProperties>
                </control>
              </groupChildrenDescriptors>
            </controlProperties>
          </control>
          <control controlID="741FF23F-0053-4DA1-AF27-2CAB8A5B5574" controlTypeID="Border" isShow="True" caption="Border" x="0" y="0" w="355" h="591" measuredW="0" measuredH="0" zOrder="1" locked="True" sizeLocked="False">
            <controlProperties>
              <basic color="4284900966" borderVisible="True" borderColor="4278190080" isAutoSize="False" status="MsEnabled" opacity="1" isCommentCom="False" canMove="True" alias="borderLayer" rotation="0"/>
              <states/>
              <verticalScrollbarShow>False</verticalScrollbarShow>
              <verticalScrollbarProgress>0</verticalScrollbarProgress>
              <horizontalScrollbarShow>False</horizontalScrollbarShow>
              <horizontalScrollbarProgress>0</horizontalScrollbarProgress>
              <links eventType="AtClick" animate="AmNone" animateAutoDelay="0" animateDuration="500">
                <link targetPageID="" linkType="ltPageLink" isApplyIncludePage="False" title="%E9%93%BE%E6%8E%A5">
                  <area shape="0" alt="" ID="{3EAC8B38-C7AC-4D09-95CE-04B4BDEAA532}" coords="(0,0,355,591)"/>
                </link>
              </links>
              <interactiveData>
                <entry title="">
                  <area shape="0" alt="" ID="{3AE1F413-64A4-4E41-BA10-1905144F03AB}" coords="(0,0,355,591)"/>
                  <events title=""/>
                </entry>
              </interactiveData>
              <thickness>1</thickness>
              <dashMode>SdSolid</dashMode>
            </controlProperties>
          </control>
        </groupChildrenDescriptors>
        <canHoriScroll>False</canHoriScroll>
        <canVertScroll>True</canVertScroll>
        <showScrollBars>True</showScrollBars>
      </controlProperties>
    </control>
  </controls>
  <param>
    <backgroundColor>4294967295</backgroundColor>
    <fontSize>0</fontSize>
    <fontFamily/>
    <guideLines/>
  </param>
</mockup>