﻿<mockup version="4.5" minAllowVersion="4.5" ID="AD94F53D-12C8-46A5-B119-D3F777753995" platform="MtMobile" defaultW="375" defaultH="667" screenOrientation="MoPortrait" mobileScreenScale="1.77777779102325" measureW="375" measureH="667" clipArea="(0,0,0,0)">
  <controls controlCount="32">
    <control controlID="52CCBB41-5C2F-4137-AE55-006FB480934A" controlTypeID="Line" isShow="True" caption="%E7%BA%BF%E6%AE%B5" x="6" y="66" w="374" h="1" measuredW="120" measuredH="120" zOrder="0" locked="False" sizeLocked="False">
      <controlProperties>
        <basic color="4284900966" borderVisible="True" borderColor="4284900966" isAutoSize="False" status="MsEnabled" opacity="1" isCommentCom="False" canMove="True" alias="" rotation="0"/>
        <states/>
        <verticalScrollbarShow>False</verticalScrollbarShow>
        <verticalScrollbarProgress>0</verticalScrollbarProgress>
        <horizontalScrollbarShow>False</horizontalScrollbarShow>
        <horizontalScrollbarProgress>0</horizontalScrollbarProgress>
        <links eventType="AtClick" animate="AmNone" animateAutoDelay="0" animateDuration="500">
          <link targetPageID="" linkType="ltPageLink" isApplyIncludePage="False" title="%E9%93%BE%E6%8E%A5">
            <area shape="0" alt="" ID="{D71C4B50-A9AB-4DAD-AAF9-266A8C9162BE}" coords="(0,0,374,1)"/>
          </link>
        </links>
        <interactiveData>
          <entry title="">
            <area shape="0" alt="" ID="{8F8C9C1C-9B7F-4D14-A793-44CE49B6D51D}" coords="(0,0,374,1)"/>
            <events title=""/>
          </entry>
        </interactiveData>
        <textSet textColor="4278190080" textSize="14" lineSpacingMultiple="1" textAlign="HaCenter" textVAlign="VaTop" textWordWrap="True" lineSpacing="18" textStyles="[]" useDefaultTextSize="True">
          <font family="%E5%BE%AE%E8%BD%AF%E9%9B%85%E9%BB%91" displayName="%E5%BE%AE%E8%BD%AF%E9%9B%85%E9%BB%91" postScript="" weightStyle="Regular" weight="400" isBold="False" isItalic="False"/>
        </textSet>
        <selectedIndex>-1</selectedIndex>
        <selectedColor>4282501083</selectedColor>
        <textPadding>0</textPadding>
        <controlPoint>(187,0)</controlPoint>
        <startPoint>(0,0)</startPoint>
        <endPoint>(374,0)</endPoint>
        <thickness>1</thickness>
        <dashMode>SdSolid</dashMode>
        <textBackgroundColor>4294967295</textBackgroundColor>
        <textBorderColor>4284900966</textBorderColor>
        <showStartArrow>0</showStartArrow>
        <showEndArrow>0</showEndArrow>
        <isCurved>True</isCurved>
        <isTextPosCenter>True</isTextPosCenter>
      </controlProperties>
    </control>
    <control controlID="FAC1D7D5-14B4-42B2-9E0A-FBF32113DD6E" controlTypeID="Label" isShow="True" caption="%E5%8D%95%E8%A1%8C%E6%96%87%E5%AD%97" x="166" y="30" w="56" h="19" measuredW="0" measuredH="0" zOrder="1" locked="False" sizeLocked="False">
      <controlProperties>
        <basic color="0" borderVisible="True" borderColor="4284900966" isAutoSize="True" status="MsEnabled" opacity="1" isCommentCom="False" canMove="True" alias="" rotation="0"/>
        <states/>
        <verticalScrollbarShow>False</verticalScrollbarShow>
        <verticalScrollbarProgress>0</verticalScrollbarProgress>
        <horizontalScrollbarShow>False</horizontalScrollbarShow>
        <horizontalScrollbarProgress>0</horizontalScrollbarProgress>
        <links eventType="AtClick" animate="AmNone" animateAutoDelay="0" animateDuration="500">
          <link targetPageID="" linkType="ltPageLink" isApplyIncludePage="False" title="%E9%93%BE%E6%8E%A5">
            <area shape="0" alt="" ID="{4F4DA76F-2A33-43BA-967C-B687C08EDA2E}" coords="(0,0,56,19)"/>
          </link>
        </links>
        <interactiveData>
          <entry title="">
            <area shape="0" alt="" ID="{1A454765-675B-452F-86BF-1843CEB2C470}" coords="(0,0,56,19)"/>
            <events title=""/>
          </entry>
        </interactiveData>
        <textSet textColor="4278190080" textSize="14" lineSpacingMultiple="1" textAlign="HaLeft" textVAlign="VaTop" textWordWrap="True" lineSpacing="18" textStyles="[]" useDefaultTextSize="True">
          <font family="%E5%BE%AE%E8%BD%AF%E9%9B%85%E9%BB%91" displayName="%E5%BE%AE%E8%BD%AF%E9%9B%85%E9%BB%91" postScript="" weightStyle="Regular" weight="400" isBold="False" isItalic="False"/>
          <text>%E5%91%98%E5%B7%A5%E5%88%97%E8%A1%A8</text>
        </textSet>
        <selectedIndex>-1</selectedIndex>
        <selectedColor>4282501083</selectedColor>
        <textPadding>0</textPadding>
      </controlProperties>
    </control>
    <control controlID="67ED91BB-3AD8-47B0-B1C5-7326856E7BDF" controlTypeID="ScrollView" isShow="True" caption="%E6%BB%9A%E5%8A%A8%E5%8C%BA" x="21" y="83" w="345" h="531" measuredW="0" measuredH="0" zOrder="2" locked="False" sizeLocked="False">
      <controlProperties>
        <basic color="4294967295" borderVisible="True" borderColor="4284900966" isAutoSize="False" status="MsEnabled" opacity="1" isCommentCom="False" canMove="True" alias="" rotation="0"/>
        <states/>
        <verticalScrollbarShow>False</verticalScrollbarShow>
        <verticalScrollbarProgress>0</verticalScrollbarProgress>
        <horizontalScrollbarShow>False</horizontalScrollbarShow>
        <horizontalScrollbarProgress>0</horizontalScrollbarProgress>
        <links eventType="AtClick" animate="AmNone" animateAutoDelay="0" animateDuration="500">
          <link targetPageID="" linkType="ltPageLink" isApplyIncludePage="False" title="%E9%93%BE%E6%8E%A5">
            <area shape="0" alt="" ID="{420DAB2B-C799-4170-BC52-8A91C7536F58}" coords="(0,0,345,531)"/>
          </link>
        </links>
        <interactiveData>
          <entry title="">
            <area shape="0" alt="" ID="{66A00FB5-2ADF-4118-9BB7-536FB06BB2F1}" coords="(0,0,345,531)"/>
            <events title=""/>
          </entry>
        </interactiveData>
        <groupChildrenDescriptors>
          <control controlID="38338740-124A-483F-A5F5-BEC5E5D5B7DF" controlTypeID="ScrollViewContentPanel" isShow="True" caption="%E6%BB%9A%E5%8A%A8%E5%8C%BA%E5%86%85%E5%AE%B9%E5%B1%82" x="0" y="0" w="345" h="531" measuredW="0" measuredH="0" zOrder="0" locked="True" sizeLocked="False">
            <controlProperties>
              <basic color="0" borderVisible="False" borderColor="4278190080" isAutoSize="False" status="MsEnabled" opacity="1" isCommentCom="False" canMove="True" alias="contentPanel" rotation="0"/>
              <states/>
              <verticalScrollbarShow>False</verticalScrollbarShow>
              <verticalScrollbarProgress>0</verticalScrollbarProgress>
              <horizontalScrollbarShow>False</horizontalScrollbarShow>
              <horizontalScrollbarProgress>0</horizontalScrollbarProgress>
              <links eventType="AtClick" animate="AmNone" animateAutoDelay="0" animateDuration="500">
                <link targetPageID="" linkType="ltPageLink" isApplyIncludePage="False" title="%E9%93%BE%E6%8E%A5">
                  <area shape="0" alt="" ID="{1C988585-1283-47C0-AA62-777E180BB1D1}" coords="(0,0,345,531)"/>
                </link>
              </links>
              <interactiveData>
                <entry title="">
                  <area shape="0" alt="" ID="{F5E9E36F-207F-4534-BA08-05EFB3FF2337}" coords="(0,0,345,531)"/>
                  <events title=""/>
                </entry>
              </interactiveData>
              <groupChildrenDescriptors>
                <control controlID="33A0DCF7-02C6-4951-AE29-0708C7520FE6" controlTypeID="__group__" isShow="True" caption="%E7%BB%84" x="25" y="29" w="302" h="37" measuredW="0" measuredH="0" zOrder="0" locked="False" sizeLocked="False">
                  <controlProperties>
                    <basic color="4294967295" borderVisible="True" borderColor="4284900966" isAutoSize="False" status="MsEnabled" opacity="1" isCommentCom="False" canMove="True" alias="" rotation="0"/>
                    <states/>
                    <verticalScrollbarShow>False</verticalScrollbarShow>
                    <verticalScrollbarProgress>0</verticalScrollbarProgress>
                    <horizontalScrollbarShow>False</horizontalScrollbarShow>
                    <horizontalScrollbarProgress>0</horizontalScrollbarProgress>
                    <links eventType="AtClick" animate="AmNone" animateAutoDelay="0" animateDuration="500">
                      <link targetPageID="AD94F53D-12C8-46A5-B119-D3F777753995" linkType="ltPageLink" isApplyIncludePage="False" title="%E5%91%98%E5%B7%A5%E5%9F%BA%E6%9C%AC%E4%BF%A1%E6%81%AF">
                        <area shape="0" alt="" ID="{D0F80330-C9C7-4BF4-AD85-B1F568CEEE55}" coords="(0,0,302,37)"/>
                      </link>
                    </links>
                    <interactiveData>
                      <entry title="">
                        <area shape="0" alt="" ID="{1D1FC570-417E-4294-B233-A609B7343E8A}" coords="(0,0,302,37)"/>
                        <events title=""/>
                      </entry>
                    </interactiveData>
                    <groupChildrenDescriptors>
                      <control controlID="E62B24A6-14A0-4BD0-A5AA-4F414B6E068C" controlTypeID="Icon" isShow="True" caption="%E5%9B%BE%E6%A0%87" x="3" y="0" w="24" h="24" measuredW="32" measuredH="32" zOrder="0" locked="False" sizeLocked="False">
                        <controlProperties>
                          <basic color="4284900966" borderVisible="True" borderColor="4284900966" isAutoSize="False" status="MsEnabled" opacity="1" isCommentCom="False" canMove="True" alias="" rotation="0"/>
                          <states/>
                          <verticalScrollbarShow>False</verticalScrollbarShow>
                          <verticalScrollbarProgress>0</verticalScrollbarProgress>
                          <horizontalScrollbarShow>False</horizontalScrollbarShow>
                          <horizontalScrollbarProgress>0</horizontalScrollbarProgress>
                          <links eventType="AtClick" animate="AmNone" animateAutoDelay="0" animateDuration="500">
                            <link targetPageID="" linkType="ltPageLink" isApplyIncludePage="False" title="%E9%93%BE%E6%8E%A5">
                              <area shape="0" alt="" ID="{03E19259-2082-441B-B722-B86B2DCA82C0}" coords="(0,0,24,24)"/>
                            </link>
                          </links>
                          <interactiveData>
                            <entry title="">
                              <area shape="0" alt="" ID="{F765B91A-6771-4520-980F-B4173A56A2CC}" coords="(0,0,24,24)"/>
                              <events title=""/>
                            </entry>
                          </interactiveData>
                          <rotationAngle>TdZero</rotationAngle>
                          <icon>
                            <ID/>
                            <iconFontName>jdIonicons</iconFontName>
                            <iconCode>62489</iconCode>
                          </icon>
                          <URL>E7D27E7A00FA7023CB70F7694DE9F06F.svg</URL>
                          <FlipHorizontal>False</FlipHorizontal>
                          <FlipVertical>False</FlipVertical>
                        </controlProperties>
                      </control>
                      <control controlID="C605FD4E-CC4C-4022-B97A-DB5F523D5D16" controlTypeID="Label" isShow="True" caption="%E5%8D%95%E8%A1%8C%E6%96%87%E5%AD%97" x="49" y="2" w="28" h="19" measuredW="0" measuredH="0" zOrder="1" locked="False" sizeLocked="False">
                        <controlProperties>
                          <basic color="0" borderVisible="True" borderColor="4284900966" isAutoSize="True" status="MsEnabled" opacity="1" isCommentCom="False" canMove="True" alias="" rotation="0"/>
                          <states/>
                          <verticalScrollbarShow>False</verticalScrollbarShow>
                          <verticalScrollbarProgress>0</verticalScrollbarProgress>
                          <horizontalScrollbarShow>False</horizontalScrollbarShow>
                          <horizontalScrollbarProgress>0</horizontalScrollbarProgress>
                          <links eventType="AtClick" animate="AmNone" animateAutoDelay="0" animateDuration="500">
                            <link targetPageID="" linkType="ltPageLink" isApplyIncludePage="False" title="%E9%93%BE%E6%8E%A5">
                              <area shape="0" alt="" ID="{B1666EB2-75CF-4527-9964-5AD235637E17}" coords="(0,0,28,19)"/>
                            </link>
                          </links>
                          <interactiveData>
                            <entry title="">
                              <area shape="0" alt="" ID="{603442BB-20FD-4205-AAD6-B1CDC4080A8A}" coords="(0,0,28,19)"/>
                              <events title=""/>
                            </entry>
                          </interactiveData>
                          <textSet textColor="4278190080" textSize="14" lineSpacingMultiple="1" textAlign="HaLeft" textVAlign="VaTop" textWordWrap="True" lineSpacing="18" textStyles="[]" useDefaultTextSize="True">
                            <font family="%E5%BE%AE%E8%BD%AF%E9%9B%85%E9%BB%91" displayName="%E5%BE%AE%E8%BD%AF%E9%9B%85%E9%BB%91" postScript="" weightStyle="Regular" weight="400" isBold="False" isItalic="False"/>
                            <text>%E5%BC%A0%E4%B8%89</text>
                          </textSet>
                          <selectedIndex>-1</selectedIndex>
                          <selectedColor>4282501083</selectedColor>
                          <textPadding>0</textPadding>
                        </controlProperties>
                      </control>
                      <control controlID="D7CC917E-FB84-4F26-B4CE-04EE902F9E6D" controlTypeID="Line" isShow="True" caption="%E7%BA%BF%E6%AE%B5" x="0" y="36" w="302" h="1" measuredW="120" measuredH="120" zOrder="2" locked="False" sizeLocked="False">
                        <controlProperties>
                          <basic color="4284900966" borderVisible="True" borderColor="4284900966" isAutoSize="False" status="MsEnabled" opacity="1" isCommentCom="False" canMove="True" alias="" rotation="0"/>
                          <states/>
                          <verticalScrollbarShow>False</verticalScrollbarShow>
                          <verticalScrollbarProgress>0</verticalScrollbarProgress>
                          <horizontalScrollbarShow>False</horizontalScrollbarShow>
                          <horizontalScrollbarProgress>0</horizontalScrollbarProgress>
                          <links eventType="AtClick" animate="AmNone" animateAutoDelay="0" animateDuration="500">
                            <link targetPageID="" linkType="ltPageLink" isApplyIncludePage="False" title="%E9%93%BE%E6%8E%A5">
                              <area shape="0" alt="" ID="{9905FE28-E655-4380-8011-BFB3C9FA78BA}" coords="(0,0,302,1)"/>
                            </link>
                          </links>
                          <interactiveData>
                            <entry title="">
                              <area shape="0" alt="" ID="{6BA98A21-CD39-4C07-A0B3-F7A9514ACA30}" coords="(0,0,302,1)"/>
                              <events title=""/>
                            </entry>
                          </interactiveData>
                          <textSet textColor="4278190080" textSize="14" lineSpacingMultiple="1" textAlign="HaCenter" textVAlign="VaTop" textWordWrap="True" lineSpacing="18" textStyles="[]" useDefaultTextSize="True">
                            <font family="%E5%BE%AE%E8%BD%AF%E9%9B%85%E9%BB%91" displayName="%E5%BE%AE%E8%BD%AF%E9%9B%85%E9%BB%91" postScript="" weightStyle="Regular" weight="400" isBold="False" isItalic="False"/>
                          </textSet>
                          <selectedIndex>-1</selectedIndex>
                          <selectedColor>4282501083</selectedColor>
                          <textPadding>0</textPadding>
                          <controlPoint>(151,0)</controlPoint>
                          <startPoint>(0,0)</startPoint>
                          <endPoint>(302,0)</endPoint>
                          <thickness>1</thickness>
                          <dashMode>SdSolid</dashMode>
                          <textBackgroundColor>4294967295</textBackgroundColor>
                          <textBorderColor>4284900966</textBorderColor>
                          <showStartArrow>0</showStartArrow>
                          <showEndArrow>0</showEndArrow>
                          <isCurved>True</isCurved>
                          <isTextPosCenter>True</isTextPosCenter>
                        </controlProperties>
                      </control>
                      <control controlID="EF988A4C-56FE-4951-8F32-24444CAEB22B" controlTypeID="Icon" isShow="True" caption="%E5%9B%BE%E6%A0%87" x="287" y="3" w="15" h="15" measuredW="32" measuredH="32" zOrder="3" locked="False" sizeLocked="False">
                        <controlProperties>
                          <basic color="4288256409" borderVisible="True" borderColor="4284900966" isAutoSize="False" status="MsEnabled" opacity="1" isCommentCom="False" canMove="True" alias="" rotation="0"/>
                          <states/>
                          <verticalScrollbarShow>False</verticalScrollbarShow>
                          <verticalScrollbarProgress>0</verticalScrollbarProgress>
                          <horizontalScrollbarShow>False</horizontalScrollbarShow>
                          <horizontalScrollbarProgress>0</horizontalScrollbarProgress>
                          <links eventType="AtClick" animate="AmNone" animateAutoDelay="0" animateDuration="500">
                            <link targetPageID="" linkType="ltPageLink" isApplyIncludePage="False" title="%E9%93%BE%E6%8E%A5">
                              <area shape="0" alt="" ID="{41EDEBBA-E826-49BB-9F25-85EFA65E9F42}" coords="(0,0,15,15)"/>
                            </link>
                          </links>
                          <interactiveData>
                            <entry title="">
                              <area shape="0" alt="" ID="{68D868FB-FDE9-4358-8802-A3D4E464262D}" coords="(0,0,15,15)"/>
                              <events title=""/>
                            </entry>
                          </interactiveData>
                          <rotationAngle>TdZero</rotationAngle>
                          <icon>
                            <ID/>
                            <iconFontName>jdIonicons</iconFontName>
                            <iconCode>62419</iconCode>
                          </icon>
                          <URL>2E967326C22523F5F084001B9F4E5BC7.svg</URL>
                          <FlipHorizontal>False</FlipHorizontal>
                          <FlipVertical>False</FlipVertical>
                        </controlProperties>
                      </control>
                    </groupChildrenDescriptors>
                  </controlProperties>
                </control>
                <control controlID="267C78B2-089B-4E47-96D5-F05657158BB5" controlTypeID="__group__" isShow="True" caption="%E7%BB%84" x="25" y="87" w="302" h="37" measuredW="0" measuredH="0" zOrder="1" locked="False" sizeLocked="False">
                  <controlProperties>
                    <basic color="4294967295" borderVisible="True" borderColor="4284900966" isAutoSize="False" status="MsEnabled" opacity="1" isCommentCom="False" canMove="True" alias="" rotation="0"/>
                    <states/>
                    <verticalScrollbarShow>False</verticalScrollbarShow>
                    <verticalScrollbarProgress>0</verticalScrollbarProgress>
                    <horizontalScrollbarShow>False</horizontalScrollbarShow>
                    <horizontalScrollbarProgress>0</horizontalScrollbarProgress>
                    <links eventType="AtClick" animate="AmNone" animateAutoDelay="0" animateDuration="500">
                      <link targetPageID="" linkType="ltPageLink" isApplyIncludePage="False" title="">
                        <area shape="0" alt="" ID="{D0F80330-C9C7-4BF4-AD85-B1F568CEEE55}" coords="(0,0,302,37)"/>
                      </link>
                    </links>
                    <interactiveData>
                      <entry title="">
                        <area shape="0" alt="" ID="{1D1FC570-417E-4294-B233-A609B7343E8A}" coords="(0,0,302,37)"/>
                        <events title=""/>
                      </entry>
                    </interactiveData>
                    <groupChildrenDescriptors>
                      <control controlID="0B61F8E6-560D-467D-9A9F-63468CC709DB" controlTypeID="Icon" isShow="True" caption="%E5%9B%BE%E6%A0%87" x="3" y="0" w="24" h="24" measuredW="32" measuredH="32" zOrder="0" locked="False" sizeLocked="False">
                        <controlProperties>
                          <basic color="4284900966" borderVisible="True" borderColor="4284900966" isAutoSize="False" status="MsEnabled" opacity="1" isCommentCom="False" canMove="True" alias="" rotation="0"/>
                          <states/>
                          <verticalScrollbarShow>False</verticalScrollbarShow>
                          <verticalScrollbarProgress>0</verticalScrollbarProgress>
                          <horizontalScrollbarShow>False</horizontalScrollbarShow>
                          <horizontalScrollbarProgress>0</horizontalScrollbarProgress>
                          <links eventType="AtClick" animate="AmNone" animateAutoDelay="0" animateDuration="500">
                            <link targetPageID="" linkType="ltPageLink" isApplyIncludePage="False" title="%E9%93%BE%E6%8E%A5">
                              <area shape="0" alt="" ID="{03E19259-2082-441B-B722-B86B2DCA82C0}" coords="(0,0,24,24)"/>
                            </link>
                          </links>
                          <interactiveData>
                            <entry title="">
                              <area shape="0" alt="" ID="{F765B91A-6771-4520-980F-B4173A56A2CC}" coords="(0,0,24,24)"/>
                              <events title=""/>
                            </entry>
                          </interactiveData>
                          <rotationAngle>TdZero</rotationAngle>
                          <icon>
                            <ID/>
                            <iconFontName>jdIonicons</iconFontName>
                            <iconCode>62489</iconCode>
                          </icon>
                          <URL>E7D27E7A00FA7023CB70F7694DE9F06F.svg</URL>
                          <FlipHorizontal>False</FlipHorizontal>
                          <FlipVertical>False</FlipVertical>
                        </controlProperties>
                      </control>
                      <control controlID="64B0FEA2-D7E1-4C30-8FCC-F25EA99E23D4" controlTypeID="Label" isShow="True" caption="%E5%8D%95%E8%A1%8C%E6%96%87%E5%AD%97" x="49" y="2" w="84" h="19" measuredW="0" measuredH="0" zOrder="1" locked="False" sizeLocked="False">
                        <controlProperties>
                          <basic color="0" borderVisible="True" borderColor="4284900966" isAutoSize="True" status="MsEnabled" opacity="1" isCommentCom="False" canMove="True" alias="" rotation="0"/>
                          <states/>
                          <verticalScrollbarShow>False</verticalScrollbarShow>
                          <verticalScrollbarProgress>0</verticalScrollbarProgress>
                          <horizontalScrollbarShow>False</horizontalScrollbarShow>
                          <horizontalScrollbarProgress>0</horizontalScrollbarProgress>
                          <links eventType="AtClick" animate="AmNone" animateAutoDelay="0" animateDuration="500">
                            <link targetPageID="" linkType="ltPageLink" isApplyIncludePage="False" title="%E9%93%BE%E6%8E%A5">
                              <area shape="0" alt="" ID="{B1666EB2-75CF-4527-9964-5AD235637E17}" coords="(0,0,84,19)"/>
                            </link>
                          </links>
                          <interactiveData>
                            <entry title="">
                              <area shape="0" alt="" ID="{603442BB-20FD-4205-AAD6-B1CDC4080A8A}" coords="(0,0,84,19)"/>
                              <events title=""/>
                            </entry>
                          </interactiveData>
                          <textSet textColor="4278190080" textSize="14" lineSpacingMultiple="1" textAlign="HaLeft" textVAlign="VaTop" textWordWrap="True" lineSpacing="18" textStyles="[]" useDefaultTextSize="True">
                            <font family="%E5%BE%AE%E8%BD%AF%E9%9B%85%E9%BB%91" displayName="%E5%BE%AE%E8%BD%AF%E9%9B%85%E9%BB%91" postScript="" weightStyle="Regular" weight="400" isBold="False" isItalic="False"/>
                            <text>%E4%BE%A7%E6%BB%91%E5%88%A0%E9%99%A4%E4%BF%AE%E6%94%B9</text>
                          </textSet>
                          <selectedIndex>-1</selectedIndex>
                          <selectedColor>4282501083</selectedColor>
                          <textPadding>0</textPadding>
                        </controlProperties>
                      </control>
                      <control controlID="E4F2BB62-4A87-4E42-A4B5-A875C64A9E55" controlTypeID="Line" isShow="True" caption="%E7%BA%BF%E6%AE%B5" x="0" y="36" w="302" h="1" measuredW="120" measuredH="120" zOrder="2" locked="False" sizeLocked="False">
                        <controlProperties>
                          <basic color="4284900966" borderVisible="True" borderColor="4284900966" isAutoSize="False" status="MsEnabled" opacity="1" isCommentCom="False" canMove="True" alias="" rotation="0"/>
                          <states/>
                          <verticalScrollbarShow>False</verticalScrollbarShow>
                          <verticalScrollbarProgress>0</verticalScrollbarProgress>
                          <horizontalScrollbarShow>False</horizontalScrollbarShow>
                          <horizontalScrollbarProgress>0</horizontalScrollbarProgress>
                          <links eventType="AtClick" animate="AmNone" animateAutoDelay="0" animateDuration="500">
                            <link targetPageID="" linkType="ltPageLink" isApplyIncludePage="False" title="%E9%93%BE%E6%8E%A5">
                              <area shape="0" alt="" ID="{9905FE28-E655-4380-8011-BFB3C9FA78BA}" coords="(0,0,302,1)"/>
                            </link>
                          </links>
                          <interactiveData>
                            <entry title="">
                              <area shape="0" alt="" ID="{6BA98A21-CD39-4C07-A0B3-F7A9514ACA30}" coords="(0,0,302,1)"/>
                              <events title=""/>
                            </entry>
                          </interactiveData>
                          <textSet textColor="4278190080" textSize="14" lineSpacingMultiple="1" textAlign="HaCenter" textVAlign="VaTop" textWordWrap="True" lineSpacing="18" textStyles="[]" useDefaultTextSize="True">
                            <font family="%E5%BE%AE%E8%BD%AF%E9%9B%85%E9%BB%91" displayName="%E5%BE%AE%E8%BD%AF%E9%9B%85%E9%BB%91" postScript="" weightStyle="Regular" weight="400" isBold="False" isItalic="False"/>
                          </textSet>
                          <selectedIndex>-1</selectedIndex>
                          <selectedColor>4282501083</selectedColor>
                          <textPadding>0</textPadding>
                          <controlPoint>(151,0)</controlPoint>
                          <startPoint>(0,0)</startPoint>
                          <endPoint>(302,0)</endPoint>
                          <thickness>1</thickness>
                          <dashMode>SdSolid</dashMode>
                          <textBackgroundColor>4294967295</textBackgroundColor>
                          <textBorderColor>4284900966</textBorderColor>
                          <showStartArrow>0</showStartArrow>
                          <showEndArrow>0</showEndArrow>
                          <isCurved>True</isCurved>
                          <isTextPosCenter>True</isTextPosCenter>
                        </controlProperties>
                      </control>
                      <control controlID="3171E207-6C66-4BA3-A82F-0C7A5C1E449E" controlTypeID="Button" isShow="True" caption="%E6%8C%89%E9%92%AE" x="188" y="0" w="57" h="35" measuredW="78" measuredH="36" zOrder="3" locked="False" sizeLocked="False">
                        <controlProperties>
                          <basic color="4291559424" borderVisible="True" borderColor="4284900966" isAutoSize="False" status="MsEnabled" opacity="1" isCommentCom="False" canMove="True" alias="" rotation="0"/>
                          <states/>
                          <verticalScrollbarShow>False</verticalScrollbarShow>
                          <verticalScrollbarProgress>0</verticalScrollbarProgress>
                          <horizontalScrollbarShow>False</horizontalScrollbarShow>
                          <horizontalScrollbarProgress>0</horizontalScrollbarProgress>
                          <links eventType="AtClick" animate="AmNone" animateAutoDelay="0" animateDuration="500">
                            <link targetPageID="" linkType="ltPageLink" isApplyIncludePage="False" title="%E9%93%BE%E6%8E%A5">
                              <area shape="0" alt="" ID="{F1E44EC7-4182-4A2F-884F-C59966238396}" coords="(0,0,57,35)"/>
                            </link>
                          </links>
                          <interactiveData>
                            <entry title="">
                              <area shape="0" alt="" ID="{620012D2-32B8-43D4-94D4-0DA834AD225A}" coords="(0,0,57,35)"/>
                              <events title=""/>
                            </entry>
                          </interactiveData>
                          <textSet textColor="4278190080" textSize="14" lineSpacingMultiple="1" textAlign="HaCenter" textVAlign="VaMiddle" textWordWrap="True" lineSpacing="18" textStyles="[]" useDefaultTextSize="True">
                            <font family="%E5%BE%AE%E8%BD%AF%E9%9B%85%E9%BB%91" displayName="%E5%BE%AE%E8%BD%AF%E9%9B%85%E9%BB%91" postScript="" weightStyle="Regular" weight="400" isBold="False" isItalic="False"/>
                            <text>%E5%88%A0%E9%99%A4</text>
                          </textSet>
                          <selectedIndex>-1</selectedIndex>
                          <selectedColor>4282501083</selectedColor>
                          <textPadding>0</textPadding>
                          <radius>0</radius>
                          <radiusIsPercent>False</radiusIsPercent>
                          <buttonStatus>BsNormal</buttonStatus>
                          <thickness>1</thickness>
                          <isAutoTextColor>False</isAutoTextColor>
                          <borderColor>4284900966</borderColor>
                        </controlProperties>
                      </control>
                      <control controlID="7C36758B-D3C6-4188-B0C0-2F8CC69DD481" controlTypeID="Button" isShow="True" caption="%E6%8C%89%E9%92%AE" x="245" y="0" w="57" h="35" measuredW="78" measuredH="36" zOrder="4" locked="False" sizeLocked="False">
                        <controlProperties>
                          <basic color="4281597951" borderVisible="True" borderColor="4284900966" isAutoSize="False" status="MsEnabled" opacity="1" isCommentCom="False" canMove="True" alias="" rotation="0"/>
                          <states/>
                          <verticalScrollbarShow>False</verticalScrollbarShow>
                          <verticalScrollbarProgress>0</verticalScrollbarProgress>
                          <horizontalScrollbarShow>False</horizontalScrollbarShow>
                          <horizontalScrollbarProgress>0</horizontalScrollbarProgress>
                          <links eventType="AtClick" animate="AmNone" animateAutoDelay="0" animateDuration="500">
                            <link targetPageID="4CA3877D-4DCB-4263-834C-01AE5BEC50C5" linkType="ltPageLink" isApplyIncludePage="False" title="%E4%BF%AE%E6%94%B9%E5%91%98%E5%B7%A5%E5%9F%BA%E6%9C%AC%E4%BF%A1%E6%81%AF">
                              <area shape="0" alt="" ID="{F1E44EC7-4182-4A2F-884F-C59966238396}" coords="(0,0,57,35)"/>
                            </link>
                          </links>
                          <interactiveData>
                            <entry title="">
                              <area shape="0" alt="" ID="{620012D2-32B8-43D4-94D4-0DA834AD225A}" coords="(0,0,57,35)"/>
                              <events title=""/>
                            </entry>
                          </interactiveData>
                          <textSet textColor="4278190080" textSize="14" lineSpacingMultiple="1" textAlign="HaCenter" textVAlign="VaMiddle" textWordWrap="True" lineSpacing="18" textStyles="[]" useDefaultTextSize="True">
                            <font family="%E5%BE%AE%E8%BD%AF%E9%9B%85%E9%BB%91" displayName="%E5%BE%AE%E8%BD%AF%E9%9B%85%E9%BB%91" postScript="" weightStyle="Regular" weight="400" isBold="False" isItalic="False"/>
                            <text>%E4%BF%AE%E6%94%B9</text>
                          </textSet>
                          <selectedIndex>-1</selectedIndex>
                          <selectedColor>4282501083</selectedColor>
                          <textPadding>0</textPadding>
                          <radius>0</radius>
                          <radiusIsPercent>False</radiusIsPercent>
                          <buttonStatus>BsNormal</buttonStatus>
                          <thickness>1</thickness>
                          <isAutoTextColor>False</isAutoTextColor>
                          <borderColor>4284900966</borderColor>
                        </controlProperties>
                      </control>
                    </groupChildrenDescriptors>
                  </controlProperties>
                </control>
                <control controlID="8DCD22A3-4855-4325-A5FD-8A10540CE478" controlTypeID="__group__" isShow="True" caption="%E7%BB%84" x="25" y="143" w="302" h="37" measuredW="0" measuredH="0" zOrder="2" locked="False" sizeLocked="False">
                  <controlProperties>
                    <basic color="4294967295" borderVisible="True" borderColor="4284900966" isAutoSize="False" status="MsEnabled" opacity="1" isCommentCom="False" canMove="True" alias="" rotation="0"/>
                    <states/>
                    <verticalScrollbarShow>False</verticalScrollbarShow>
                    <verticalScrollbarProgress>0</verticalScrollbarProgress>
                    <horizontalScrollbarShow>False</horizontalScrollbarShow>
                    <horizontalScrollbarProgress>0</horizontalScrollbarProgress>
                    <links eventType="AtClick" animate="AmNone" animateAutoDelay="0" animateDuration="500">
                      <link targetPageID="" linkType="ltPageLink" isApplyIncludePage="False" title="">
                        <area shape="0" alt="" ID="{D0F80330-C9C7-4BF4-AD85-B1F568CEEE55}" coords="(0,0,302,37)"/>
                      </link>
                    </links>
                    <interactiveData>
                      <entry title="">
                        <area shape="0" alt="" ID="{1D1FC570-417E-4294-B233-A609B7343E8A}" coords="(0,0,302,37)"/>
                        <events title=""/>
                      </entry>
                    </interactiveData>
                    <groupChildrenDescriptors>
                      <control controlID="6EB69DBF-FC67-406D-AF46-B436ED6FAF18" controlTypeID="Icon" isShow="True" caption="%E5%9B%BE%E6%A0%87" x="3" y="0" w="24" h="24" measuredW="32" measuredH="32" zOrder="0" locked="False" sizeLocked="False">
                        <controlProperties>
                          <basic color="4284900966" borderVisible="True" borderColor="4284900966" isAutoSize="False" status="MsEnabled" opacity="1" isCommentCom="False" canMove="True" alias="" rotation="0"/>
                          <states/>
                          <verticalScrollbarShow>False</verticalScrollbarShow>
                          <verticalScrollbarProgress>0</verticalScrollbarProgress>
                          <horizontalScrollbarShow>False</horizontalScrollbarShow>
                          <horizontalScrollbarProgress>0</horizontalScrollbarProgress>
                          <links eventType="AtClick" animate="AmNone" animateAutoDelay="0" animateDuration="500">
                            <link targetPageID="" linkType="ltPageLink" isApplyIncludePage="False" title="%E9%93%BE%E6%8E%A5">
                              <area shape="0" alt="" ID="{03E19259-2082-441B-B722-B86B2DCA82C0}" coords="(0,0,24,24)"/>
                            </link>
                          </links>
                          <interactiveData>
                            <entry title="">
                              <area shape="0" alt="" ID="{F765B91A-6771-4520-980F-B4173A56A2CC}" coords="(0,0,24,24)"/>
                              <events title=""/>
                            </entry>
                          </interactiveData>
                          <rotationAngle>TdZero</rotationAngle>
                          <icon>
                            <ID/>
                            <iconFontName>jdIonicons</iconFontName>
                            <iconCode>62489</iconCode>
                          </icon>
                          <URL>E7D27E7A00FA7023CB70F7694DE9F06F.svg</URL>
                          <FlipHorizontal>False</FlipHorizontal>
                          <FlipVertical>False</FlipVertical>
                        </controlProperties>
                      </control>
                      <control controlID="26E2453E-209C-45BE-AABF-C723C919F326" controlTypeID="Label" isShow="True" caption="%E5%8D%95%E8%A1%8C%E6%96%87%E5%AD%97" x="49" y="2" w="84" h="19" measuredW="0" measuredH="0" zOrder="1" locked="False" sizeLocked="False">
                        <controlProperties>
                          <basic color="0" borderVisible="True" borderColor="4284900966" isAutoSize="True" status="MsEnabled" opacity="1" isCommentCom="False" canMove="True" alias="" rotation="0"/>
                          <states/>
                          <verticalScrollbarShow>False</verticalScrollbarShow>
                          <verticalScrollbarProgress>0</verticalScrollbarProgress>
                          <horizontalScrollbarShow>False</horizontalScrollbarShow>
                          <horizontalScrollbarProgress>0</horizontalScrollbarProgress>
                          <links eventType="AtClick" animate="AmNone" animateAutoDelay="0" animateDuration="500">
                            <link targetPageID="" linkType="ltPageLink" isApplyIncludePage="False" title="%E9%93%BE%E6%8E%A5">
                              <area shape="0" alt="" ID="{B1666EB2-75CF-4527-9964-5AD235637E17}" coords="(0,0,84,19)"/>
                            </link>
                          </links>
                          <interactiveData>
                            <entry title="">
                              <area shape="0" alt="" ID="{603442BB-20FD-4205-AAD6-B1CDC4080A8A}" coords="(0,0,84,19)"/>
                              <events title=""/>
                            </entry>
                          </interactiveData>
                          <textSet textColor="4278190080" textSize="14" lineSpacingMultiple="1" textAlign="HaLeft" textVAlign="VaTop" textWordWrap="True" lineSpacing="18" textStyles="[]" useDefaultTextSize="True">
                            <font family="%E5%BE%AE%E8%BD%AF%E9%9B%85%E9%BB%91" displayName="%E5%BE%AE%E8%BD%AF%E9%9B%85%E9%BB%91" postScript="" weightStyle="Regular" weight="400" isBold="False" isItalic="False"/>
                            <text>%E4%BE%A7%E6%BB%91%E5%88%A0%E9%99%A4%E4%BF%AE%E6%94%B9</text>
                          </textSet>
                          <selectedIndex>-1</selectedIndex>
                          <selectedColor>4282501083</selectedColor>
                          <textPadding>0</textPadding>
                        </controlProperties>
                      </control>
                      <control controlID="A180D106-F08E-4F71-BC68-066F333B420C" controlTypeID="Line" isShow="True" caption="%E7%BA%BF%E6%AE%B5" x="0" y="36" w="302" h="1" measuredW="120" measuredH="120" zOrder="2" locked="False" sizeLocked="False">
                        <controlProperties>
                          <basic color="4284900966" borderVisible="True" borderColor="4284900966" isAutoSize="False" status="MsEnabled" opacity="1" isCommentCom="False" canMove="True" alias="" rotation="0"/>
                          <states/>
                          <verticalScrollbarShow>False</verticalScrollbarShow>
                          <verticalScrollbarProgress>0</verticalScrollbarProgress>
                          <horizontalScrollbarShow>False</horizontalScrollbarShow>
                          <horizontalScrollbarProgress>0</horizontalScrollbarProgress>
                          <links eventType="AtClick" animate="AmNone" animateAutoDelay="0" animateDuration="500">
                            <link targetPageID="" linkType="ltPageLink" isApplyIncludePage="False" title="%E9%93%BE%E6%8E%A5">
                              <area shape="0" alt="" ID="{9905FE28-E655-4380-8011-BFB3C9FA78BA}" coords="(0,0,302,1)"/>
                            </link>
                          </links>
                          <interactiveData>
                            <entry title="">
                              <area shape="0" alt="" ID="{6BA98A21-CD39-4C07-A0B3-F7A9514ACA30}" coords="(0,0,302,1)"/>
                              <events title=""/>
                            </entry>
                          </interactiveData>
                          <textSet textColor="4278190080" textSize="14" lineSpacingMultiple="1" textAlign="HaCenter" textVAlign="VaTop" textWordWrap="True" lineSpacing="18" textStyles="[]" useDefaultTextSize="True">
                            <font family="%E5%BE%AE%E8%BD%AF%E9%9B%85%E9%BB%91" displayName="%E5%BE%AE%E8%BD%AF%E9%9B%85%E9%BB%91" postScript="" weightStyle="Regular" weight="400" isBold="False" isItalic="False"/>
                          </textSet>
                          <selectedIndex>-1</selectedIndex>
                          <selectedColor>4282501083</selectedColor>
                          <textPadding>0</textPadding>
                          <controlPoint>(151,0)</controlPoint>
                          <startPoint>(0,0)</startPoint>
                          <endPoint>(302,0)</endPoint>
                          <thickness>1</thickness>
                          <dashMode>SdSolid</dashMode>
                          <textBackgroundColor>4294967295</textBackgroundColor>
                          <textBorderColor>4284900966</textBorderColor>
                          <showStartArrow>0</showStartArrow>
                          <showEndArrow>0</showEndArrow>
                          <isCurved>True</isCurved>
                          <isTextPosCenter>True</isTextPosCenter>
                        </controlProperties>
                      </control>
                      <control controlID="2EC81BCE-0469-4194-8D2C-CCB780425AC2" controlTypeID="Icon" isShow="True" caption="%E5%9B%BE%E6%A0%87" x="287" y="3" w="15" h="15" measuredW="32" measuredH="32" zOrder="3" locked="False" sizeLocked="False">
                        <controlProperties>
                          <basic color="4288256409" borderVisible="True" borderColor="4284900966" isAutoSize="False" status="MsEnabled" opacity="1" isCommentCom="False" canMove="True" alias="" rotation="0"/>
                          <states/>
                          <verticalScrollbarShow>False</verticalScrollbarShow>
                          <verticalScrollbarProgress>0</verticalScrollbarProgress>
                          <horizontalScrollbarShow>False</horizontalScrollbarShow>
                          <horizontalScrollbarProgress>0</horizontalScrollbarProgress>
                          <links eventType="AtClick" animate="AmNone" animateAutoDelay="0" animateDuration="500">
                            <link targetPageID="" linkType="ltPageLink" isApplyIncludePage="False" title="%E9%93%BE%E6%8E%A5">
                              <area shape="0" alt="" ID="{41EDEBBA-E826-49BB-9F25-85EFA65E9F42}" coords="(0,0,15,15)"/>
                            </link>
                          </links>
                          <interactiveData>
                            <entry title="">
                              <area shape="0" alt="" ID="{68D868FB-FDE9-4358-8802-A3D4E464262D}" coords="(0,0,15,15)"/>
                              <events title=""/>
                            </entry>
                          </interactiveData>
                          <rotationAngle>TdZero</rotationAngle>
                          <icon>
                            <ID/>
                            <iconFontName>jdIonicons</iconFontName>
                            <iconCode>62419</iconCode>
                          </icon>
                          <URL>2E967326C22523F5F084001B9F4E5BC7.svg</URL>
                          <FlipHorizontal>False</FlipHorizontal>
                          <FlipVertical>False</FlipVertical>
                        </controlProperties>
                      </control>
                    </groupChildrenDescriptors>
                  </controlProperties>
                </control>
                <control controlID="E3C95359-9735-4879-ACB2-5062479779AE" controlTypeID="__group__" isShow="True" caption="%E7%BB%84" x="25" y="198" w="302" h="37" measuredW="0" measuredH="0" zOrder="3" locked="False" sizeLocked="False">
                  <controlProperties>
                    <basic color="4294967295" borderVisible="True" borderColor="4284900966" isAutoSize="False" status="MsEnabled" opacity="1" isCommentCom="False" canMove="True" alias="" rotation="0"/>
                    <states/>
                    <verticalScrollbarShow>False</verticalScrollbarShow>
                    <verticalScrollbarProgress>0</verticalScrollbarProgress>
                    <horizontalScrollbarShow>False</horizontalScrollbarShow>
                    <horizontalScrollbarProgress>0</horizontalScrollbarProgress>
                    <links eventType="AtClick" animate="AmNone" animateAutoDelay="0" animateDuration="500">
                      <link targetPageID="" linkType="ltPageLink" isApplyIncludePage="False" title="">
                        <area shape="0" alt="" ID="{D0F80330-C9C7-4BF4-AD85-B1F568CEEE55}" coords="(0,0,302,37)"/>
                      </link>
                    </links>
                    <interactiveData>
                      <entry title="">
                        <area shape="0" alt="" ID="{1D1FC570-417E-4294-B233-A609B7343E8A}" coords="(0,0,302,37)"/>
                        <events title=""/>
                      </entry>
                    </interactiveData>
                    <groupChildrenDescriptors>
                      <control controlID="3AF084CD-BF17-46C3-BA2C-DDFB2FAAA588" controlTypeID="Icon" isShow="True" caption="%E5%9B%BE%E6%A0%87" x="3" y="0" w="24" h="24" measuredW="32" measuredH="32" zOrder="0" locked="False" sizeLocked="False">
                        <controlProperties>
                          <basic color="4284900966" borderVisible="True" borderColor="4284900966" isAutoSize="False" status="MsEnabled" opacity="1" isCommentCom="False" canMove="True" alias="" rotation="0"/>
                          <states/>
                          <verticalScrollbarShow>False</verticalScrollbarShow>
                          <verticalScrollbarProgress>0</verticalScrollbarProgress>
                          <horizontalScrollbarShow>False</horizontalScrollbarShow>
                          <horizontalScrollbarProgress>0</horizontalScrollbarProgress>
                          <links eventType="AtClick" animate="AmNone" animateAutoDelay="0" animateDuration="500">
                            <link targetPageID="" linkType="ltPageLink" isApplyIncludePage="False" title="%E9%93%BE%E6%8E%A5">
                              <area shape="0" alt="" ID="{03E19259-2082-441B-B722-B86B2DCA82C0}" coords="(0,0,24,24)"/>
                            </link>
                          </links>
                          <interactiveData>
                            <entry title="">
                              <area shape="0" alt="" ID="{F765B91A-6771-4520-980F-B4173A56A2CC}" coords="(0,0,24,24)"/>
                              <events title=""/>
                            </entry>
                          </interactiveData>
                          <rotationAngle>TdZero</rotationAngle>
                          <icon>
                            <ID/>
                            <iconFontName>jdIonicons</iconFontName>
                            <iconCode>62489</iconCode>
                          </icon>
                          <URL>E7D27E7A00FA7023CB70F7694DE9F06F.svg</URL>
                          <FlipHorizontal>False</FlipHorizontal>
                          <FlipVertical>False</FlipVertical>
                        </controlProperties>
                      </control>
                      <control controlID="1D74681A-F211-47A3-8315-05E886EA867F" controlTypeID="Label" isShow="True" caption="%E5%8D%95%E8%A1%8C%E6%96%87%E5%AD%97" x="49" y="2" w="28" h="19" measuredW="0" measuredH="0" zOrder="1" locked="False" sizeLocked="False">
                        <controlProperties>
                          <basic color="0" borderVisible="True" borderColor="4284900966" isAutoSize="True" status="MsEnabled" opacity="1" isCommentCom="False" canMove="True" alias="" rotation="0"/>
                          <states/>
                          <verticalScrollbarShow>False</verticalScrollbarShow>
                          <verticalScrollbarProgress>0</verticalScrollbarProgress>
                          <horizontalScrollbarShow>False</horizontalScrollbarShow>
                          <horizontalScrollbarProgress>0</horizontalScrollbarProgress>
                          <links eventType="AtClick" animate="AmNone" animateAutoDelay="0" animateDuration="500">
                            <link targetPageID="" linkType="ltPageLink" isApplyIncludePage="False" title="%E9%93%BE%E6%8E%A5">
                              <area shape="0" alt="" ID="{B1666EB2-75CF-4527-9964-5AD235637E17}" coords="(0,0,28,19)"/>
                            </link>
                          </links>
                          <interactiveData>
                            <entry title="">
                              <area shape="0" alt="" ID="{603442BB-20FD-4205-AAD6-B1CDC4080A8A}" coords="(0,0,28,19)"/>
                              <events title=""/>
                            </entry>
                          </interactiveData>
                          <textSet textColor="4278190080" textSize="14" lineSpacingMultiple="1" textAlign="HaLeft" textVAlign="VaTop" textWordWrap="True" lineSpacing="18" textStyles="[]" useDefaultTextSize="True">
                            <font family="%E5%BE%AE%E8%BD%AF%E9%9B%85%E9%BB%91" displayName="%E5%BE%AE%E8%BD%AF%E9%9B%85%E9%BB%91" postScript="" weightStyle="Regular" weight="400" isBold="False" isItalic="False"/>
                            <text>%E5%BC%A0%E4%B8%89</text>
                          </textSet>
                          <selectedIndex>-1</selectedIndex>
                          <selectedColor>4282501083</selectedColor>
                          <textPadding>0</textPadding>
                        </controlProperties>
                      </control>
                      <control controlID="1BFE40DA-446F-4C66-8D09-356088259E5D" controlTypeID="Line" isShow="True" caption="%E7%BA%BF%E6%AE%B5" x="0" y="36" w="302" h="1" measuredW="120" measuredH="120" zOrder="2" locked="False" sizeLocked="False">
                        <controlProperties>
                          <basic color="4284900966" borderVisible="True" borderColor="4284900966" isAutoSize="False" status="MsEnabled" opacity="1" isCommentCom="False" canMove="True" alias="" rotation="0"/>
                          <states/>
                          <verticalScrollbarShow>False</verticalScrollbarShow>
                          <verticalScrollbarProgress>0</verticalScrollbarProgress>
                          <horizontalScrollbarShow>False</horizontalScrollbarShow>
                          <horizontalScrollbarProgress>0</horizontalScrollbarProgress>
                          <links eventType="AtClick" animate="AmNone" animateAutoDelay="0" animateDuration="500">
                            <link targetPageID="" linkType="ltPageLink" isApplyIncludePage="False" title="%E9%93%BE%E6%8E%A5">
                              <area shape="0" alt="" ID="{9905FE28-E655-4380-8011-BFB3C9FA78BA}" coords="(0,0,302,1)"/>
                            </link>
                          </links>
                          <interactiveData>
                            <entry title="">
                              <area shape="0" alt="" ID="{6BA98A21-CD39-4C07-A0B3-F7A9514ACA30}" coords="(0,0,302,1)"/>
                              <events title=""/>
                            </entry>
                          </interactiveData>
                          <textSet textColor="4278190080" textSize="14" lineSpacingMultiple="1" textAlign="HaCenter" textVAlign="VaTop" textWordWrap="True" lineSpacing="18" textStyles="[]" useDefaultTextSize="True">
                            <font family="%E5%BE%AE%E8%BD%AF%E9%9B%85%E9%BB%91" displayName="%E5%BE%AE%E8%BD%AF%E9%9B%85%E9%BB%91" postScript="" weightStyle="Regular" weight="400" isBold="False" isItalic="False"/>
                          </textSet>
                          <selectedIndex>-1</selectedIndex>
                          <selectedColor>4282501083</selectedColor>
                          <textPadding>0</textPadding>
                          <controlPoint>(151,0)</controlPoint>
                          <startPoint>(0,0)</startPoint>
                          <endPoint>(302,0)</endPoint>
                          <thickness>1</thickness>
                          <dashMode>SdSolid</dashMode>
                          <textBackgroundColor>4294967295</textBackgroundColor>
                          <textBorderColor>4284900966</textBorderColor>
                          <showStartArrow>0</showStartArrow>
                          <showEndArrow>0</showEndArrow>
                          <isCurved>True</isCurved>
                          <isTextPosCenter>True</isTextPosCenter>
                        </controlProperties>
                      </control>
                      <control controlID="65BBB1F4-0602-4E34-AFB9-EE6AA09F7F44" controlTypeID="Icon" isShow="True" caption="%E5%9B%BE%E6%A0%87" x="287" y="3" w="15" h="15" measuredW="32" measuredH="32" zOrder="3" locked="False" sizeLocked="False">
                        <controlProperties>
                          <basic color="4288256409" borderVisible="True" borderColor="4284900966" isAutoSize="False" status="MsEnabled" opacity="1" isCommentCom="False" canMove="True" alias="" rotation="0"/>
                          <states/>
                          <verticalScrollbarShow>False</verticalScrollbarShow>
                          <verticalScrollbarProgress>0</verticalScrollbarProgress>
                          <horizontalScrollbarShow>False</horizontalScrollbarShow>
                          <horizontalScrollbarProgress>0</horizontalScrollbarProgress>
                          <links eventType="AtClick" animate="AmNone" animateAutoDelay="0" animateDuration="500">
                            <link targetPageID="" linkType="ltPageLink" isApplyIncludePage="False" title="%E9%93%BE%E6%8E%A5">
                              <area shape="0" alt="" ID="{41EDEBBA-E826-49BB-9F25-85EFA65E9F42}" coords="(0,0,15,15)"/>
                            </link>
                          </links>
                          <interactiveData>
                            <entry title="">
                              <area shape="0" alt="" ID="{68D868FB-FDE9-4358-8802-A3D4E464262D}" coords="(0,0,15,15)"/>
                              <events title=""/>
                            </entry>
                          </interactiveData>
                          <rotationAngle>TdZero</rotationAngle>
                          <icon>
                            <ID/>
                            <iconFontName>jdIonicons</iconFontName>
                            <iconCode>62419</iconCode>
                          </icon>
                          <URL>2E967326C22523F5F084001B9F4E5BC7.svg</URL>
                          <FlipHorizontal>False</FlipHorizontal>
                          <FlipVertical>False</FlipVertical>
                        </controlProperties>
                      </control>
                    </groupChildrenDescriptors>
                  </controlProperties>
                </control>
              </groupChildrenDescriptors>
            </controlProperties>
          </control>
          <control controlID="55141448-0CAE-44B4-BFDA-2D247BB105FD" controlTypeID="Border" isShow="True" caption="Border" x="0" y="0" w="345" h="531" measuredW="0" measuredH="0" zOrder="1" locked="True" sizeLocked="False">
            <controlProperties>
              <basic color="4284900966" borderVisible="True" borderColor="4278190080" isAutoSize="False" status="MsEnabled" opacity="1" isCommentCom="False" canMove="True" alias="borderLayer" rotation="0"/>
              <states/>
              <verticalScrollbarShow>False</verticalScrollbarShow>
              <verticalScrollbarProgress>0</verticalScrollbarProgress>
              <horizontalScrollbarShow>False</horizontalScrollbarShow>
              <horizontalScrollbarProgress>0</horizontalScrollbarProgress>
              <links eventType="AtClick" animate="AmNone" animateAutoDelay="0" animateDuration="500">
                <link targetPageID="" linkType="ltPageLink" isApplyIncludePage="False" title="%E9%93%BE%E6%8E%A5">
                  <area shape="0" alt="" ID="{C576E4C6-598C-4E13-B739-C59E7CAC380A}" coords="(0,0,345,531)"/>
                </link>
              </links>
              <interactiveData>
                <entry title="">
                  <area shape="0" alt="" ID="{49B67330-5BA0-4C73-AB62-70FC57F88E59}" coords="(0,0,345,531)"/>
                  <events title=""/>
                </entry>
              </interactiveData>
              <thickness>1</thickness>
              <dashMode>SdSolid</dashMode>
            </controlProperties>
          </control>
        </groupChildrenDescriptors>
        <canHoriScroll>False</canHoriScroll>
        <canVertScroll>True</canVertScroll>
        <showScrollBars>True</showScrollBars>
      </controlProperties>
    </control>
    <control controlID="186BCB9D-78A0-4B94-90A1-F195DB79DE8F" controlTypeID="Icon" isShow="True" caption="%E5%9B%BE%E6%A0%87" x="21" y="34" w="15" h="15" measuredW="32" measuredH="32" zOrder="3" locked="False" sizeLocked="False">
      <controlProperties>
        <basic color="4284900966" borderVisible="True" borderColor="4284900966" isAutoSize="False" status="MsEnabled" opacity="1" isCommentCom="False" canMove="True" alias="" rotation="0"/>
        <states/>
        <verticalScrollbarShow>False</verticalScrollbarShow>
        <verticalScrollbarProgress>0</verticalScrollbarProgress>
        <horizontalScrollbarShow>False</horizontalScrollbarShow>
        <horizontalScrollbarProgress>0</horizontalScrollbarProgress>
        <links eventType="AtClick" animate="AmNone" animateAutoDelay="0" animateDuration="500">
          <link targetPageID="4D6A6518-B9EB-48F2-B95A-153C42A08A68" linkType="ltPageLink" isApplyIncludePage="False" title="%E4%B8%BB%E8%B4%A6%E6%88%B7%E7%AE%A1%E7%90%86%E6%A8%A1%E5%9D%97">
            <area shape="0" alt="" ID="{A8F47A00-BA06-4E0D-83CA-DF54E34D6264}" coords="(0,0,15,15)"/>
          </link>
        </links>
        <interactiveData>
          <entry title="">
            <area shape="0" alt="" ID="{E8FD2DFC-AACE-4B39-A172-81F8985AF00C}" coords="(0,0,15,15)"/>
            <events title=""/>
          </entry>
        </interactiveData>
        <rotationAngle>TdZero</rotationAngle>
        <icon>
          <ID/>
          <iconFontName>jdIonicons</iconFontName>
          <iconCode>62154</iconCode>
        </icon>
        <URL>D95E480717200F895E41DB6E5B869596.svg</URL>
        <FlipHorizontal>False</FlipHorizontal>
        <FlipVertical>False</FlipVertical>
      </controlProperties>
    </control>
    <control controlID="96C1FC08-0E99-4CE0-9A4B-854833800700" controlTypeID="Icon" isShow="True" caption="%E5%9B%BE%E6%A0%87" x="351" y="34" w="15" h="15" measuredW="32" measuredH="32" zOrder="4" locked="False" sizeLocked="False">
      <controlProperties>
        <basic color="4284900966" borderVisible="True" borderColor="4284900966" isAutoSize="False" status="MsEnabled" opacity="1" isCommentCom="False" canMove="True" alias="" rotation="0"/>
        <states/>
        <verticalScrollbarShow>False</verticalScrollbarShow>
        <verticalScrollbarProgress>0</verticalScrollbarProgress>
        <horizontalScrollbarShow>False</horizontalScrollbarShow>
        <horizontalScrollbarProgress>0</horizontalScrollbarProgress>
        <links eventType="AtClick" animate="AmNone" animateAutoDelay="0" animateDuration="500">
          <link targetPageID="F659CA57-2B47-433C-B6D3-7453A380B182" linkType="ltPageLink" isApplyIncludePage="False" title="%E8%8E%B7%E5%8F%96%E4%B8%BB%E8%B4%A6%E6%88%B7%E4%BF%A1%E6%81%AF_%E6%9B%B4%E5%A4%9A">
            <area shape="0" alt="" ID="{0558AE48-1F72-4C20-AA3E-1D10545B3471}" coords="(0,0,15,15)"/>
          </link>
        </links>
        <interactiveData>
          <entry title="">
            <area shape="0" alt="" ID="{84732415-CC05-4707-A1D0-66F49DB8F344}" coords="(0,0,15,15)"/>
            <events title=""/>
          </entry>
        </interactiveData>
        <rotationAngle>TdZero</rotationAngle>
        <icon>
          <ID/>
          <iconFontName>jdIonicons</iconFontName>
          <iconCode>62359</iconCode>
        </icon>
        <URL>92A37C37F1C55861F795B008D0D7225E.svg</URL>
        <FlipHorizontal>False</FlipHorizontal>
        <FlipVertical>False</FlipVertical>
      </controlProperties>
    </control>
    <control controlID="F3E24730-1EC8-4F89-A90E-67F613FF2938" controlTypeID="__group__" isShow="True" caption="%E7%BB%84" x="104" y="256" w="181" h="73" measuredW="0" measuredH="0" zOrder="5" locked="False" sizeLocked="False">
      <controlProperties>
        <basic color="4294967295" borderVisible="True" borderColor="4284900966" isAutoSize="False" status="MsEnabled" opacity="1" isCommentCom="False" canMove="True" alias="" rotation="0"/>
        <states/>
        <verticalScrollbarShow>False</verticalScrollbarShow>
        <verticalScrollbarProgress>0</verticalScrollbarProgress>
        <horizontalScrollbarShow>False</horizontalScrollbarShow>
        <horizontalScrollbarProgress>0</horizontalScrollbarProgress>
        <links eventType="AtClick" animate="AmNone" animateAutoDelay="0" animateDuration="500">
          <link targetPageID="828198EC-4CE3-43FF-9828-4253383619BA" linkType="ltPageLink" isApplyIncludePage="False" title="%E6%9F%A5%E8%AF%A2%E5%91%98%E5%B7%A5%E5%88%97%E8%A1%A8">
            <area shape="0" alt="" ID="{E232963F-0BE6-499A-85C0-DFF6E0901FD4}" coords="(0,0,181,73)"/>
          </link>
        </links>
        <interactiveData>
          <entry title="">
            <area shape="0" alt="" ID="{CDFE6AE8-1DBF-4275-B7D3-11AE287ED3E9}" coords="(0,0,181,73)"/>
            <events title=""/>
          </entry>
        </interactiveData>
        <groupChildrenDescriptors>
          <control controlID="05D2AFF5-A1E6-4190-B843-FC7FD79B9A15" controlTypeID="Shape" isShow="True" caption="%E5%BD%A2%E7%8A%B6" x="0" y="0" w="181" h="73" measuredW="120" measuredH="100" zOrder="0" locked="False" sizeLocked="False">
            <controlProperties>
              <basic color="4284900966" borderVisible="True" borderColor="4284900966" isAutoSize="False" status="MsEnabled" opacity="1" isCommentCom="False" canMove="True" alias="" rotation="0"/>
              <states/>
              <verticalScrollbarShow>False</verticalScrollbarShow>
              <verticalScrollbarProgress>0</verticalScrollbarProgress>
              <horizontalScrollbarShow>False</horizontalScrollbarShow>
              <horizontalScrollbarProgress>0</horizontalScrollbarProgress>
              <links eventType="AtClick" animate="AmNone" animateAutoDelay="0" animateDuration="500">
                <link targetPageID="" linkType="ltPageLink" isApplyIncludePage="False" title="%E9%93%BE%E6%8E%A5">
                  <area shape="0" alt="" ID="{7F913C5F-6B19-4312-B9B4-E0576C3B1E1F}" coords="(0,0,181,73)"/>
                </link>
              </links>
              <interactiveData>
                <entry title="">
                  <area shape="0" alt="" ID="{196E2399-4BE7-4282-9B19-0FC74E8D4038}" coords="(0,0,181,73)"/>
                  <events title=""/>
                </entry>
              </interactiveData>
              <textSet textColor="4278190080" textSize="14" lineSpacingMultiple="1" textAlign="HaCenter" textVAlign="VaMiddle" textWordWrap="True" lineSpacing="18" textStyles="[]" useDefaultTextSize="True">
                <font family="%E5%BE%AE%E8%BD%AF%E9%9B%85%E9%BB%91" displayName="%E5%BE%AE%E8%BD%AF%E9%9B%85%E9%BB%91" postScript="" weightStyle="Regular" weight="400" isBold="False" isItalic="False"/>
              </textSet>
              <selectedIndex>-1</selectedIndex>
              <selectedColor>4282501083</selectedColor>
              <textPadding>0</textPadding>
              <shapeBorderType>SbRectangle</shapeBorderType>
              <triangleType>TdZero</triangleType>
              <dashMode>SdSolid</dashMode>
              <rectangleBorderLeftVisible>True</rectangleBorderLeftVisible>
              <rectangleBorderRightVisible>True</rectangleBorderRightVisible>
              <rectangleBorderTopVisible>True</rectangleBorderTopVisible>
              <rectangleBorderBottomVisible>True</rectangleBorderBottomVisible>
              <radius>5</radius>
              <radiusIsPercent>False</radiusIsPercent>
              <thickness>1</thickness>
            </controlProperties>
          </control>
          <control controlID="497668EE-42DD-4572-867F-7D1A87C6558C" controlTypeID="CircleProgressBar" isShow="True" caption="%E7%8E%AF%E5%BD%A2%E8%BF%9B%E5%BA%A6%E6%9D%A1" x="10" y="6" w="60" h="60" measuredW="60" measuredH="60" zOrder="1" locked="False" sizeLocked="False">
            <controlProperties>
              <basic color="4294967295" borderVisible="True" borderColor="4284900966" isAutoSize="False" status="MsEnabled" opacity="1" isCommentCom="False" canMove="True" alias="" rotation="0"/>
              <states/>
              <verticalScrollbarShow>False</verticalScrollbarShow>
              <verticalScrollbarProgress>0</verticalScrollbarProgress>
              <horizontalScrollbarShow>False</horizontalScrollbarShow>
              <horizontalScrollbarProgress>0</horizontalScrollbarProgress>
              <links eventType="AtClick" animate="AmNone" animateAutoDelay="0" animateDuration="500">
                <link targetPageID="" linkType="ltPageLink" isApplyIncludePage="False" title="%E9%93%BE%E6%8E%A5">
                  <area shape="0" alt="" ID="{71BF8292-8C41-4FB4-A93B-3CDC7BF120BD}" coords="(0,0,60,60)"/>
                </link>
              </links>
              <interactiveData>
                <entry title="">
                  <area shape="0" alt="" ID="{33B6EBC8-8D54-4DDC-B351-349A6445D776}" coords="(0,0,60,60)"/>
                  <events title=""/>
                </entry>
              </interactiveData>
              <textSet textColor="4278190080" textSize="14" lineSpacingMultiple="1" textAlign="HaLeft" textVAlign="VaTop" textWordWrap="True" lineSpacing="18" textStyles="[]" useDefaultTextSize="True">
                <font family="%E5%BE%AE%E8%BD%AF%E9%9B%85%E9%BB%91" displayName="%E5%BE%AE%E8%BD%AF%E9%9B%85%E9%BB%91" postScript="" weightStyle="Regular" weight="400" isBold="False" isItalic="False"/>
                <text>%E7%8E%AF%E5%BD%A2%E8%BF%9B%E5%BA%A6%E6%9D%A1</text>
              </textSet>
              <selectedIndex>-1</selectedIndex>
              <selectedColor>4282501083</selectedColor>
              <textPadding>0</textPadding>
              <value>70</value>
              <thickness>5</thickness>
              <indicatorColor>4282501083</indicatorColor>
              <trackColor>4292730333</trackColor>
              <text/>
            </controlProperties>
          </control>
          <control controlID="25AE76CF-37A7-4890-8A36-8D5610385289" controlTypeID="Label" isShow="True" caption="%E5%8D%95%E8%A1%8C%E6%96%87%E5%AD%97" x="80" y="26" w="65" h="19" measuredW="0" measuredH="0" zOrder="2" locked="False" sizeLocked="False">
            <controlProperties>
              <basic color="0" borderVisible="True" borderColor="4284900966" isAutoSize="True" status="MsEnabled" opacity="1" isCommentCom="False" canMove="True" alias="" rotation="0"/>
              <states/>
              <verticalScrollbarShow>False</verticalScrollbarShow>
              <verticalScrollbarProgress>0</verticalScrollbarProgress>
              <horizontalScrollbarShow>False</horizontalScrollbarShow>
              <horizontalScrollbarProgress>0</horizontalScrollbarProgress>
              <links eventType="AtClick" animate="AmNone" animateAutoDelay="0" animateDuration="500">
                <link targetPageID="" linkType="ltPageLink" isApplyIncludePage="False" title="%E9%93%BE%E6%8E%A5">
                  <area shape="0" alt="" ID="{213BF42E-86EC-4100-BCF5-39AB20046251}" coords="(0,0,65,19)"/>
                </link>
              </links>
              <interactiveData>
                <entry title="">
                  <area shape="0" alt="" ID="{2172C87E-BD97-4EF6-923B-344D60FA7048}" coords="(0,0,65,19)"/>
                  <events title=""/>
                </entry>
              </interactiveData>
              <textSet textColor="4278190080" textSize="14" lineSpacingMultiple="1" textAlign="HaLeft" textVAlign="VaTop" textWordWrap="True" lineSpacing="18" textStyles="[]" useDefaultTextSize="True">
                <font family="%E5%BE%AE%E8%BD%AF%E9%9B%85%E9%BB%91" displayName="%E5%BE%AE%E8%BD%AF%E9%9B%85%E9%BB%91" postScript="" weightStyle="Regular" weight="400" isBold="False" isItalic="False"/>
                <text>%E6%AD%A3%E5%9C%A8%E5%88%A0%E9%99%A4...</text>
              </textSet>
              <selectedIndex>-1</selectedIndex>
              <selectedColor>4282501083</selectedColor>
              <textPadding>0</textPadding>
            </controlProperties>
          </control>
        </groupChildrenDescriptors>
      </controlProperties>
    </control>
  </controls>
  <param>
    <backgroundColor>4294967295</backgroundColor>
    <fontSize>0</fontSize>
    <fontFamily/>
    <guideLines/>
  </param>
</mockup>