﻿<mockup version="4.5" minAllowVersion="4.5" ID="828198EC-4CE3-43FF-9828-4253383619BA" platform="MtMobile" defaultW="375" defaultH="667" screenOrientation="MoPortrait" mobileScreenScale="1.77777779102325" measureW="375" measureH="667" clipArea="(0,0,0,0)">
  <controls controlCount="27">
    <control controlID="C3C526A4-8E8C-41A0-9817-E82C64FC88AF" controlTypeID="Line" isShow="True" caption="%E7%BA%BF%E6%AE%B5" x="0" y="60" w="374" h="1" measuredW="120" measuredH="120" zOrder="0" locked="False" sizeLocked="False">
      <controlProperties>
        <basic color="4284900966" borderVisible="True" borderColor="4284900966" isAutoSize="False" status="MsEnabled" opacity="1" isCommentCom="False" canMove="True" alias="" rotation="0"/>
        <states/>
        <verticalScrollbarShow>False</verticalScrollbarShow>
        <verticalScrollbarProgress>0</verticalScrollbarProgress>
        <horizontalScrollbarShow>False</horizontalScrollbarShow>
        <horizontalScrollbarProgress>0</horizontalScrollbarProgress>
        <links eventType="AtClick" animate="AmNone" animateAutoDelay="0" animateDuration="500">
          <link targetPageID="" linkType="ltPageLink" isApplyIncludePage="False" title="%E9%93%BE%E6%8E%A5">
            <area shape="0" alt="" ID="{D71C4B50-A9AB-4DAD-AAF9-266A8C9162BE}" coords="(0,0,374,1)"/>
          </link>
        </links>
        <interactiveData>
          <entry title="">
            <area shape="0" alt="" ID="{8F8C9C1C-9B7F-4D14-A793-44CE49B6D51D}" coords="(0,0,374,1)"/>
            <events title=""/>
          </entry>
        </interactiveData>
        <textSet textColor="4278190080" textSize="14" lineSpacingMultiple="1" textAlign="HaCenter" textVAlign="VaTop" textWordWrap="True" lineSpacing="18" textStyles="[]" useDefaultTextSize="True">
          <font family="%E5%BE%AE%E8%BD%AF%E9%9B%85%E9%BB%91" displayName="%E5%BE%AE%E8%BD%AF%E9%9B%85%E9%BB%91" postScript="" weightStyle="Regular" weight="400" isBold="False" isItalic="False"/>
        </textSet>
        <selectedIndex>-1</selectedIndex>
        <selectedColor>4282501083</selectedColor>
        <textPadding>0</textPadding>
        <controlPoint>(187,0)</controlPoint>
        <startPoint>(0,0)</startPoint>
        <endPoint>(374,0)</endPoint>
        <thickness>1</thickness>
        <dashMode>SdSolid</dashMode>
        <textBackgroundColor>4294967295</textBackgroundColor>
        <textBorderColor>4284900966</textBorderColor>
        <showStartArrow>0</showStartArrow>
        <showEndArrow>0</showEndArrow>
        <isCurved>True</isCurved>
        <isTextPosCenter>True</isTextPosCenter>
      </controlProperties>
    </control>
    <control controlID="1658E728-D8E9-4E41-919F-265D3B9C6665" controlTypeID="Label" isShow="True" caption="%E5%8D%95%E8%A1%8C%E6%96%87%E5%AD%97" x="160" y="24" w="56" h="19" measuredW="0" measuredH="0" zOrder="1" locked="False" sizeLocked="False">
      <controlProperties>
        <basic color="0" borderVisible="True" borderColor="4284900966" isAutoSize="True" status="MsEnabled" opacity="1" isCommentCom="False" canMove="True" alias="" rotation="0"/>
        <states/>
        <verticalScrollbarShow>False</verticalScrollbarShow>
        <verticalScrollbarProgress>0</verticalScrollbarProgress>
        <horizontalScrollbarShow>False</horizontalScrollbarShow>
        <horizontalScrollbarProgress>0</horizontalScrollbarProgress>
        <links eventType="AtClick" animate="AmNone" animateAutoDelay="0" animateDuration="500">
          <link targetPageID="" linkType="ltPageLink" isApplyIncludePage="False" title="%E9%93%BE%E6%8E%A5">
            <area shape="0" alt="" ID="{4F4DA76F-2A33-43BA-967C-B687C08EDA2E}" coords="(0,0,56,19)"/>
          </link>
        </links>
        <interactiveData>
          <entry title="">
            <area shape="0" alt="" ID="{1A454765-675B-452F-86BF-1843CEB2C470}" coords="(0,0,56,19)"/>
            <events title=""/>
          </entry>
        </interactiveData>
        <textSet textColor="4278190080" textSize="14" lineSpacingMultiple="1" textAlign="HaLeft" textVAlign="VaTop" textWordWrap="True" lineSpacing="18" textStyles="[]" useDefaultTextSize="True">
          <font family="%E5%BE%AE%E8%BD%AF%E9%9B%85%E9%BB%91" displayName="%E5%BE%AE%E8%BD%AF%E9%9B%85%E9%BB%91" postScript="" weightStyle="Regular" weight="400" isBold="False" isItalic="False"/>
          <text>%E5%91%98%E5%B7%A5%E5%88%97%E8%A1%A8</text>
        </textSet>
        <selectedIndex>-1</selectedIndex>
        <selectedColor>4282501083</selectedColor>
        <textPadding>0</textPadding>
      </controlProperties>
    </control>
    <control controlID="5E045563-70C3-4882-ADFD-CBFDD636091D" controlTypeID="ScrollView" isShow="True" caption="%E6%BB%9A%E5%8A%A8%E5%8C%BA" x="15" y="77" w="345" h="531" measuredW="0" measuredH="0" zOrder="2" locked="False" sizeLocked="False">
      <controlProperties>
        <basic color="4294967295" borderVisible="True" borderColor="4284900966" isAutoSize="False" status="MsEnabled" opacity="1" isCommentCom="False" canMove="True" alias="" rotation="0"/>
        <states/>
        <verticalScrollbarShow>False</verticalScrollbarShow>
        <verticalScrollbarProgress>0</verticalScrollbarProgress>
        <horizontalScrollbarShow>False</horizontalScrollbarShow>
        <horizontalScrollbarProgress>0</horizontalScrollbarProgress>
        <links eventType="AtClick" animate="AmNone" animateAutoDelay="0" animateDuration="500">
          <link targetPageID="" linkType="ltPageLink" isApplyIncludePage="False" title="%E9%93%BE%E6%8E%A5">
            <area shape="0" alt="" ID="{420DAB2B-C799-4170-BC52-8A91C7536F58}" coords="(0,0,345,531)"/>
          </link>
        </links>
        <interactiveData>
          <entry title="">
            <area shape="0" alt="" ID="{66A00FB5-2ADF-4118-9BB7-536FB06BB2F1}" coords="(0,0,345,531)"/>
            <events title=""/>
          </entry>
        </interactiveData>
        <groupChildrenDescriptors>
          <control controlID="0FA1F6A9-DC39-4BCE-BD30-40E34319B726" controlTypeID="ScrollViewContentPanel" isShow="True" caption="%E6%BB%9A%E5%8A%A8%E5%8C%BA%E5%86%85%E5%AE%B9%E5%B1%82" x="0" y="0" w="345" h="531" measuredW="0" measuredH="0" zOrder="0" locked="True" sizeLocked="False">
            <controlProperties>
              <basic color="0" borderVisible="False" borderColor="4278190080" isAutoSize="False" status="MsEnabled" opacity="1" isCommentCom="False" canMove="True" alias="contentPanel" rotation="0"/>
              <states/>
              <verticalScrollbarShow>False</verticalScrollbarShow>
              <verticalScrollbarProgress>0</verticalScrollbarProgress>
              <horizontalScrollbarShow>False</horizontalScrollbarShow>
              <horizontalScrollbarProgress>0</horizontalScrollbarProgress>
              <links eventType="AtClick" animate="AmNone" animateAutoDelay="0" animateDuration="500">
                <link targetPageID="" linkType="ltPageLink" isApplyIncludePage="False" title="%E9%93%BE%E6%8E%A5">
                  <area shape="0" alt="" ID="{1C988585-1283-47C0-AA62-777E180BB1D1}" coords="(0,0,345,531)"/>
                </link>
              </links>
              <interactiveData>
                <entry title="">
                  <area shape="0" alt="" ID="{F5E9E36F-207F-4534-BA08-05EFB3FF2337}" coords="(0,0,345,531)"/>
                  <events title=""/>
                </entry>
              </interactiveData>
              <groupChildrenDescriptors>
                <control controlID="BD32E11C-81AF-4900-8DCA-D72B9D579980" controlTypeID="__group__" isShow="True" caption="%E7%BB%84" x="25" y="29" w="302" h="37" measuredW="0" measuredH="0" zOrder="0" locked="False" sizeLocked="False">
                  <controlProperties>
                    <basic color="4294967295" borderVisible="True" borderColor="4284900966" isAutoSize="False" status="MsEnabled" opacity="1" isCommentCom="False" canMove="True" alias="" rotation="0"/>
                    <states/>
                    <verticalScrollbarShow>False</verticalScrollbarShow>
                    <verticalScrollbarProgress>0</verticalScrollbarProgress>
                    <horizontalScrollbarShow>False</horizontalScrollbarShow>
                    <horizontalScrollbarProgress>0</horizontalScrollbarProgress>
                    <links eventType="AtClick" animate="AmNone" animateAutoDelay="0" animateDuration="500">
                      <link targetPageID="AD94F53D-12C8-46A5-B119-D3F777753995" linkType="ltPageLink" isApplyIncludePage="False" title="%E5%91%98%E5%B7%A5%E5%9F%BA%E6%9C%AC%E4%BF%A1%E6%81%AF">
                        <area shape="0" alt="" ID="{D0F80330-C9C7-4BF4-AD85-B1F568CEEE55}" coords="(0,0,302,37)"/>
                      </link>
                    </links>
                    <interactiveData>
                      <entry title="">
                        <area shape="0" alt="" ID="{1D1FC570-417E-4294-B233-A609B7343E8A}" coords="(0,0,302,37)"/>
                        <events title=""/>
                      </entry>
                    </interactiveData>
                    <groupChildrenDescriptors>
                      <control controlID="856EB6C6-B830-499A-9B05-D257B219A5CC" controlTypeID="Icon" isShow="True" caption="%E5%9B%BE%E6%A0%87" x="3" y="0" w="24" h="24" measuredW="32" measuredH="32" zOrder="0" locked="False" sizeLocked="False">
                        <controlProperties>
                          <basic color="4284900966" borderVisible="True" borderColor="4284900966" isAutoSize="False" status="MsEnabled" opacity="1" isCommentCom="False" canMove="True" alias="" rotation="0"/>
                          <states/>
                          <verticalScrollbarShow>False</verticalScrollbarShow>
                          <verticalScrollbarProgress>0</verticalScrollbarProgress>
                          <horizontalScrollbarShow>False</horizontalScrollbarShow>
                          <horizontalScrollbarProgress>0</horizontalScrollbarProgress>
                          <links eventType="AtClick" animate="AmNone" animateAutoDelay="0" animateDuration="500">
                            <link targetPageID="" linkType="ltPageLink" isApplyIncludePage="False" title="%E9%93%BE%E6%8E%A5">
                              <area shape="0" alt="" ID="{03E19259-2082-441B-B722-B86B2DCA82C0}" coords="(0,0,24,24)"/>
                            </link>
                          </links>
                          <interactiveData>
                            <entry title="">
                              <area shape="0" alt="" ID="{F765B91A-6771-4520-980F-B4173A56A2CC}" coords="(0,0,24,24)"/>
                              <events title=""/>
                            </entry>
                          </interactiveData>
                          <rotationAngle>TdZero</rotationAngle>
                          <icon>
                            <ID/>
                            <iconFontName>jdIonicons</iconFontName>
                            <iconCode>62489</iconCode>
                          </icon>
                          <URL>E7D27E7A00FA7023CB70F7694DE9F06F.svg</URL>
                          <FlipHorizontal>False</FlipHorizontal>
                          <FlipVertical>False</FlipVertical>
                        </controlProperties>
                      </control>
                      <control controlID="B9E57AC9-B427-4C9D-A838-B7F246DC77C8" controlTypeID="Label" isShow="True" caption="%E5%8D%95%E8%A1%8C%E6%96%87%E5%AD%97" x="49" y="2" w="28" h="19" measuredW="0" measuredH="0" zOrder="1" locked="False" sizeLocked="False">
                        <controlProperties>
                          <basic color="0" borderVisible="True" borderColor="4284900966" isAutoSize="True" status="MsEnabled" opacity="1" isCommentCom="False" canMove="True" alias="" rotation="0"/>
                          <states/>
                          <verticalScrollbarShow>False</verticalScrollbarShow>
                          <verticalScrollbarProgress>0</verticalScrollbarProgress>
                          <horizontalScrollbarShow>False</horizontalScrollbarShow>
                          <horizontalScrollbarProgress>0</horizontalScrollbarProgress>
                          <links eventType="AtClick" animate="AmNone" animateAutoDelay="0" animateDuration="500">
                            <link targetPageID="" linkType="ltPageLink" isApplyIncludePage="False" title="%E9%93%BE%E6%8E%A5">
                              <area shape="0" alt="" ID="{B1666EB2-75CF-4527-9964-5AD235637E17}" coords="(0,0,28,19)"/>
                            </link>
                          </links>
                          <interactiveData>
                            <entry title="">
                              <area shape="0" alt="" ID="{603442BB-20FD-4205-AAD6-B1CDC4080A8A}" coords="(0,0,28,19)"/>
                              <events title=""/>
                            </entry>
                          </interactiveData>
                          <textSet textColor="4278190080" textSize="14" lineSpacingMultiple="1" textAlign="HaLeft" textVAlign="VaTop" textWordWrap="True" lineSpacing="18" textStyles="[]" useDefaultTextSize="True">
                            <font family="%E5%BE%AE%E8%BD%AF%E9%9B%85%E9%BB%91" displayName="%E5%BE%AE%E8%BD%AF%E9%9B%85%E9%BB%91" postScript="" weightStyle="Regular" weight="400" isBold="False" isItalic="False"/>
                            <text>%E5%BC%A0%E4%B8%89</text>
                          </textSet>
                          <selectedIndex>-1</selectedIndex>
                          <selectedColor>4282501083</selectedColor>
                          <textPadding>0</textPadding>
                        </controlProperties>
                      </control>
                      <control controlID="1C67E391-AF5E-49EE-AA3E-BAD7C0FDA736" controlTypeID="Line" isShow="True" caption="%E7%BA%BF%E6%AE%B5" x="0" y="36" w="302" h="1" measuredW="120" measuredH="120" zOrder="2" locked="False" sizeLocked="False">
                        <controlProperties>
                          <basic color="4284900966" borderVisible="True" borderColor="4284900966" isAutoSize="False" status="MsEnabled" opacity="1" isCommentCom="False" canMove="True" alias="" rotation="0"/>
                          <states/>
                          <verticalScrollbarShow>False</verticalScrollbarShow>
                          <verticalScrollbarProgress>0</verticalScrollbarProgress>
                          <horizontalScrollbarShow>False</horizontalScrollbarShow>
                          <horizontalScrollbarProgress>0</horizontalScrollbarProgress>
                          <links eventType="AtClick" animate="AmNone" animateAutoDelay="0" animateDuration="500">
                            <link targetPageID="" linkType="ltPageLink" isApplyIncludePage="False" title="%E9%93%BE%E6%8E%A5">
                              <area shape="0" alt="" ID="{9905FE28-E655-4380-8011-BFB3C9FA78BA}" coords="(0,0,302,1)"/>
                            </link>
                          </links>
                          <interactiveData>
                            <entry title="">
                              <area shape="0" alt="" ID="{6BA98A21-CD39-4C07-A0B3-F7A9514ACA30}" coords="(0,0,302,1)"/>
                              <events title=""/>
                            </entry>
                          </interactiveData>
                          <textSet textColor="4278190080" textSize="14" lineSpacingMultiple="1" textAlign="HaCenter" textVAlign="VaTop" textWordWrap="True" lineSpacing="18" textStyles="[]" useDefaultTextSize="True">
                            <font family="%E5%BE%AE%E8%BD%AF%E9%9B%85%E9%BB%91" displayName="%E5%BE%AE%E8%BD%AF%E9%9B%85%E9%BB%91" postScript="" weightStyle="Regular" weight="400" isBold="False" isItalic="False"/>
                          </textSet>
                          <selectedIndex>-1</selectedIndex>
                          <selectedColor>4282501083</selectedColor>
                          <textPadding>0</textPadding>
                          <controlPoint>(151,0)</controlPoint>
                          <startPoint>(0,0)</startPoint>
                          <endPoint>(302,0)</endPoint>
                          <thickness>1</thickness>
                          <dashMode>SdSolid</dashMode>
                          <textBackgroundColor>4294967295</textBackgroundColor>
                          <textBorderColor>4284900966</textBorderColor>
                          <showStartArrow>0</showStartArrow>
                          <showEndArrow>0</showEndArrow>
                          <isCurved>True</isCurved>
                          <isTextPosCenter>True</isTextPosCenter>
                        </controlProperties>
                      </control>
                      <control controlID="27FD9B17-E20F-44E2-BA1A-E4EC816CF4F2" controlTypeID="Icon" isShow="True" caption="%E5%9B%BE%E6%A0%87" x="287" y="3" w="15" h="15" measuredW="32" measuredH="32" zOrder="3" locked="False" sizeLocked="False">
                        <controlProperties>
                          <basic color="4288256409" borderVisible="True" borderColor="4284900966" isAutoSize="False" status="MsEnabled" opacity="1" isCommentCom="False" canMove="True" alias="" rotation="0"/>
                          <states/>
                          <verticalScrollbarShow>False</verticalScrollbarShow>
                          <verticalScrollbarProgress>0</verticalScrollbarProgress>
                          <horizontalScrollbarShow>False</horizontalScrollbarShow>
                          <horizontalScrollbarProgress>0</horizontalScrollbarProgress>
                          <links eventType="AtClick" animate="AmNone" animateAutoDelay="0" animateDuration="500">
                            <link targetPageID="" linkType="ltPageLink" isApplyIncludePage="False" title="%E9%93%BE%E6%8E%A5">
                              <area shape="0" alt="" ID="{41EDEBBA-E826-49BB-9F25-85EFA65E9F42}" coords="(0,0,15,15)"/>
                            </link>
                          </links>
                          <interactiveData>
                            <entry title="">
                              <area shape="0" alt="" ID="{68D868FB-FDE9-4358-8802-A3D4E464262D}" coords="(0,0,15,15)"/>
                              <events title=""/>
                            </entry>
                          </interactiveData>
                          <rotationAngle>TdZero</rotationAngle>
                          <icon>
                            <ID/>
                            <iconFontName>jdIonicons</iconFontName>
                            <iconCode>62419</iconCode>
                          </icon>
                          <URL>2E967326C22523F5F084001B9F4E5BC7.svg</URL>
                          <FlipHorizontal>False</FlipHorizontal>
                          <FlipVertical>False</FlipVertical>
                        </controlProperties>
                      </control>
                    </groupChildrenDescriptors>
                  </controlProperties>
                </control>
                <control controlID="D59504A9-7557-4BBE-BF94-4F2B84E10E4D" controlTypeID="__group__" isShow="True" caption="%E7%BB%84" x="25" y="87" w="302" h="37" measuredW="0" measuredH="0" zOrder="1" locked="False" sizeLocked="False">
                  <controlProperties>
                    <basic color="4294967295" borderVisible="True" borderColor="4284900966" isAutoSize="False" status="MsEnabled" opacity="1" isCommentCom="False" canMove="True" alias="" rotation="0"/>
                    <states/>
                    <verticalScrollbarShow>False</verticalScrollbarShow>
                    <verticalScrollbarProgress>0</verticalScrollbarProgress>
                    <horizontalScrollbarShow>False</horizontalScrollbarShow>
                    <horizontalScrollbarProgress>0</horizontalScrollbarProgress>
                    <links eventType="AtClick" animate="AmNone" animateAutoDelay="0" animateDuration="500">
                      <link targetPageID="1BEDC142-A269-4689-86EE-DF70DDC57C07" linkType="ltPageLink" isApplyIncludePage="False" title="%E4%BE%A7%E6%BB%91%E7%95%8C%E9%9D%A2">
                        <area shape="0" alt="" ID="{D0F80330-C9C7-4BF4-AD85-B1F568CEEE55}" coords="(0,0,302,37)"/>
                      </link>
                    </links>
                    <interactiveData>
                      <entry title="">
                        <area shape="0" alt="" ID="{1D1FC570-417E-4294-B233-A609B7343E8A}" coords="(0,0,302,37)"/>
                        <events title=""/>
                      </entry>
                    </interactiveData>
                    <groupChildrenDescriptors>
                      <control controlID="81786B6F-7513-4387-A08E-62C7CACC5477" controlTypeID="Icon" isShow="True" caption="%E5%9B%BE%E6%A0%87" x="3" y="0" w="24" h="24" measuredW="32" measuredH="32" zOrder="0" locked="False" sizeLocked="False">
                        <controlProperties>
                          <basic color="4284900966" borderVisible="True" borderColor="4284900966" isAutoSize="False" status="MsEnabled" opacity="1" isCommentCom="False" canMove="True" alias="" rotation="0"/>
                          <states/>
                          <verticalScrollbarShow>False</verticalScrollbarShow>
                          <verticalScrollbarProgress>0</verticalScrollbarProgress>
                          <horizontalScrollbarShow>False</horizontalScrollbarShow>
                          <horizontalScrollbarProgress>0</horizontalScrollbarProgress>
                          <links eventType="AtClick" animate="AmNone" animateAutoDelay="0" animateDuration="500">
                            <link targetPageID="" linkType="ltPageLink" isApplyIncludePage="False" title="%E9%93%BE%E6%8E%A5">
                              <area shape="0" alt="" ID="{03E19259-2082-441B-B722-B86B2DCA82C0}" coords="(0,0,24,24)"/>
                            </link>
                          </links>
                          <interactiveData>
                            <entry title="">
                              <area shape="0" alt="" ID="{F765B91A-6771-4520-980F-B4173A56A2CC}" coords="(0,0,24,24)"/>
                              <events title=""/>
                            </entry>
                          </interactiveData>
                          <rotationAngle>TdZero</rotationAngle>
                          <icon>
                            <ID/>
                            <iconFontName>jdIonicons</iconFontName>
                            <iconCode>62489</iconCode>
                          </icon>
                          <URL>E7D27E7A00FA7023CB70F7694DE9F06F.svg</URL>
                          <FlipHorizontal>False</FlipHorizontal>
                          <FlipVertical>False</FlipVertical>
                        </controlProperties>
                      </control>
                      <control controlID="7819D9B8-80E8-4EB4-B5DC-575DFA07C660" controlTypeID="Label" isShow="True" caption="%E5%8D%95%E8%A1%8C%E6%96%87%E5%AD%97" x="49" y="2" w="84" h="19" measuredW="0" measuredH="0" zOrder="1" locked="False" sizeLocked="False">
                        <controlProperties>
                          <basic color="0" borderVisible="True" borderColor="4284900966" isAutoSize="True" status="MsEnabled" opacity="1" isCommentCom="False" canMove="True" alias="" rotation="0"/>
                          <states/>
                          <verticalScrollbarShow>False</verticalScrollbarShow>
                          <verticalScrollbarProgress>0</verticalScrollbarProgress>
                          <horizontalScrollbarShow>False</horizontalScrollbarShow>
                          <horizontalScrollbarProgress>0</horizontalScrollbarProgress>
                          <links eventType="AtClick" animate="AmNone" animateAutoDelay="0" animateDuration="500">
                            <link targetPageID="" linkType="ltPageLink" isApplyIncludePage="False" title="%E9%93%BE%E6%8E%A5">
                              <area shape="0" alt="" ID="{B1666EB2-75CF-4527-9964-5AD235637E17}" coords="(0,0,84,19)"/>
                            </link>
                          </links>
                          <interactiveData>
                            <entry title="">
                              <area shape="0" alt="" ID="{603442BB-20FD-4205-AAD6-B1CDC4080A8A}" coords="(0,0,84,19)"/>
                              <events title=""/>
                            </entry>
                          </interactiveData>
                          <textSet textColor="4278190080" textSize="14" lineSpacingMultiple="1" textAlign="HaLeft" textVAlign="VaTop" textWordWrap="True" lineSpacing="18" textStyles="[]" useDefaultTextSize="True">
                            <font family="%E5%BE%AE%E8%BD%AF%E9%9B%85%E9%BB%91" displayName="%E5%BE%AE%E8%BD%AF%E9%9B%85%E9%BB%91" postScript="" weightStyle="Regular" weight="400" isBold="False" isItalic="False"/>
                            <text>%E4%BE%A7%E6%BB%91%E5%88%A0%E9%99%A4%E4%BF%AE%E6%94%B9</text>
                          </textSet>
                          <selectedIndex>-1</selectedIndex>
                          <selectedColor>4282501083</selectedColor>
                          <textPadding>0</textPadding>
                        </controlProperties>
                      </control>
                      <control controlID="53DF8E14-3662-42D8-881E-92BF4885A98C" controlTypeID="Line" isShow="True" caption="%E7%BA%BF%E6%AE%B5" x="0" y="36" w="302" h="1" measuredW="120" measuredH="120" zOrder="2" locked="False" sizeLocked="False">
                        <controlProperties>
                          <basic color="4284900966" borderVisible="True" borderColor="4284900966" isAutoSize="False" status="MsEnabled" opacity="1" isCommentCom="False" canMove="True" alias="" rotation="0"/>
                          <states/>
                          <verticalScrollbarShow>False</verticalScrollbarShow>
                          <verticalScrollbarProgress>0</verticalScrollbarProgress>
                          <horizontalScrollbarShow>False</horizontalScrollbarShow>
                          <horizontalScrollbarProgress>0</horizontalScrollbarProgress>
                          <links eventType="AtClick" animate="AmNone" animateAutoDelay="0" animateDuration="500">
                            <link targetPageID="" linkType="ltPageLink" isApplyIncludePage="False" title="%E9%93%BE%E6%8E%A5">
                              <area shape="0" alt="" ID="{9905FE28-E655-4380-8011-BFB3C9FA78BA}" coords="(0,0,302,1)"/>
                            </link>
                          </links>
                          <interactiveData>
                            <entry title="">
                              <area shape="0" alt="" ID="{6BA98A21-CD39-4C07-A0B3-F7A9514ACA30}" coords="(0,0,302,1)"/>
                              <events title=""/>
                            </entry>
                          </interactiveData>
                          <textSet textColor="4278190080" textSize="14" lineSpacingMultiple="1" textAlign="HaCenter" textVAlign="VaTop" textWordWrap="True" lineSpacing="18" textStyles="[]" useDefaultTextSize="True">
                            <font family="%E5%BE%AE%E8%BD%AF%E9%9B%85%E9%BB%91" displayName="%E5%BE%AE%E8%BD%AF%E9%9B%85%E9%BB%91" postScript="" weightStyle="Regular" weight="400" isBold="False" isItalic="False"/>
                          </textSet>
                          <selectedIndex>-1</selectedIndex>
                          <selectedColor>4282501083</selectedColor>
                          <textPadding>0</textPadding>
                          <controlPoint>(151,0)</controlPoint>
                          <startPoint>(0,0)</startPoint>
                          <endPoint>(302,0)</endPoint>
                          <thickness>1</thickness>
                          <dashMode>SdSolid</dashMode>
                          <textBackgroundColor>4294967295</textBackgroundColor>
                          <textBorderColor>4284900966</textBorderColor>
                          <showStartArrow>0</showStartArrow>
                          <showEndArrow>0</showEndArrow>
                          <isCurved>True</isCurved>
                          <isTextPosCenter>True</isTextPosCenter>
                        </controlProperties>
                      </control>
                      <control controlID="ABF03825-6488-4747-A26D-AB6026CD6EDF" controlTypeID="Icon" isShow="True" caption="%E5%9B%BE%E6%A0%87" x="287" y="3" w="15" h="15" measuredW="32" measuredH="32" zOrder="3" locked="False" sizeLocked="False">
                        <controlProperties>
                          <basic color="4288256409" borderVisible="True" borderColor="4284900966" isAutoSize="False" status="MsEnabled" opacity="1" isCommentCom="False" canMove="True" alias="" rotation="0"/>
                          <states/>
                          <verticalScrollbarShow>False</verticalScrollbarShow>
                          <verticalScrollbarProgress>0</verticalScrollbarProgress>
                          <horizontalScrollbarShow>False</horizontalScrollbarShow>
                          <horizontalScrollbarProgress>0</horizontalScrollbarProgress>
                          <links eventType="AtClick" animate="AmNone" animateAutoDelay="0" animateDuration="500">
                            <link targetPageID="" linkType="ltPageLink" isApplyIncludePage="False" title="%E9%93%BE%E6%8E%A5">
                              <area shape="0" alt="" ID="{41EDEBBA-E826-49BB-9F25-85EFA65E9F42}" coords="(0,0,15,15)"/>
                            </link>
                          </links>
                          <interactiveData>
                            <entry title="">
                              <area shape="0" alt="" ID="{68D868FB-FDE9-4358-8802-A3D4E464262D}" coords="(0,0,15,15)"/>
                              <events title=""/>
                            </entry>
                          </interactiveData>
                          <rotationAngle>TdZero</rotationAngle>
                          <icon>
                            <ID/>
                            <iconFontName>jdIonicons</iconFontName>
                            <iconCode>62419</iconCode>
                          </icon>
                          <URL>2E967326C22523F5F084001B9F4E5BC7.svg</URL>
                          <FlipHorizontal>False</FlipHorizontal>
                          <FlipVertical>False</FlipVertical>
                        </controlProperties>
                      </control>
                    </groupChildrenDescriptors>
                  </controlProperties>
                </control>
                <control controlID="74D916D1-6EF7-459F-A074-0DEA8980D230" controlTypeID="__group__" isShow="True" caption="%E7%BB%84" x="25" y="143" w="302" h="37" measuredW="0" measuredH="0" zOrder="2" locked="False" sizeLocked="False">
                  <controlProperties>
                    <basic color="4294967295" borderVisible="True" borderColor="4284900966" isAutoSize="False" status="MsEnabled" opacity="1" isCommentCom="False" canMove="True" alias="" rotation="0"/>
                    <states/>
                    <verticalScrollbarShow>False</verticalScrollbarShow>
                    <verticalScrollbarProgress>0</verticalScrollbarProgress>
                    <horizontalScrollbarShow>False</horizontalScrollbarShow>
                    <horizontalScrollbarProgress>0</horizontalScrollbarProgress>
                    <links eventType="AtClick" animate="AmNone" animateAutoDelay="0" animateDuration="500">
                      <link targetPageID="" linkType="ltPageLink" isApplyIncludePage="False" title="">
                        <area shape="0" alt="" ID="{D0F80330-C9C7-4BF4-AD85-B1F568CEEE55}" coords="(0,0,302,37)"/>
                      </link>
                    </links>
                    <interactiveData>
                      <entry title="">
                        <area shape="0" alt="" ID="{1D1FC570-417E-4294-B233-A609B7343E8A}" coords="(0,0,302,37)"/>
                        <events title=""/>
                      </entry>
                    </interactiveData>
                    <groupChildrenDescriptors>
                      <control controlID="95F2F65E-E5FB-443A-93B9-B8B07502E044" controlTypeID="Icon" isShow="True" caption="%E5%9B%BE%E6%A0%87" x="3" y="0" w="24" h="24" measuredW="32" measuredH="32" zOrder="0" locked="False" sizeLocked="False">
                        <controlProperties>
                          <basic color="4284900966" borderVisible="True" borderColor="4284900966" isAutoSize="False" status="MsEnabled" opacity="1" isCommentCom="False" canMove="True" alias="" rotation="0"/>
                          <states/>
                          <verticalScrollbarShow>False</verticalScrollbarShow>
                          <verticalScrollbarProgress>0</verticalScrollbarProgress>
                          <horizontalScrollbarShow>False</horizontalScrollbarShow>
                          <horizontalScrollbarProgress>0</horizontalScrollbarProgress>
                          <links eventType="AtClick" animate="AmNone" animateAutoDelay="0" animateDuration="500">
                            <link targetPageID="" linkType="ltPageLink" isApplyIncludePage="False" title="%E9%93%BE%E6%8E%A5">
                              <area shape="0" alt="" ID="{03E19259-2082-441B-B722-B86B2DCA82C0}" coords="(0,0,24,24)"/>
                            </link>
                          </links>
                          <interactiveData>
                            <entry title="">
                              <area shape="0" alt="" ID="{F765B91A-6771-4520-980F-B4173A56A2CC}" coords="(0,0,24,24)"/>
                              <events title=""/>
                            </entry>
                          </interactiveData>
                          <rotationAngle>TdZero</rotationAngle>
                          <icon>
                            <ID/>
                            <iconFontName>jdIonicons</iconFontName>
                            <iconCode>62489</iconCode>
                          </icon>
                          <URL>E7D27E7A00FA7023CB70F7694DE9F06F.svg</URL>
                          <FlipHorizontal>False</FlipHorizontal>
                          <FlipVertical>False</FlipVertical>
                        </controlProperties>
                      </control>
                      <control controlID="33002F03-01C2-4286-BF62-816390915F9E" controlTypeID="Label" isShow="True" caption="%E5%8D%95%E8%A1%8C%E6%96%87%E5%AD%97" x="49" y="2" w="84" h="19" measuredW="0" measuredH="0" zOrder="1" locked="False" sizeLocked="False">
                        <controlProperties>
                          <basic color="0" borderVisible="True" borderColor="4284900966" isAutoSize="True" status="MsEnabled" opacity="1" isCommentCom="False" canMove="True" alias="" rotation="0"/>
                          <states/>
                          <verticalScrollbarShow>False</verticalScrollbarShow>
                          <verticalScrollbarProgress>0</verticalScrollbarProgress>
                          <horizontalScrollbarShow>False</horizontalScrollbarShow>
                          <horizontalScrollbarProgress>0</horizontalScrollbarProgress>
                          <links eventType="AtClick" animate="AmNone" animateAutoDelay="0" animateDuration="500">
                            <link targetPageID="" linkType="ltPageLink" isApplyIncludePage="False" title="%E9%93%BE%E6%8E%A5">
                              <area shape="0" alt="" ID="{B1666EB2-75CF-4527-9964-5AD235637E17}" coords="(0,0,84,19)"/>
                            </link>
                          </links>
                          <interactiveData>
                            <entry title="">
                              <area shape="0" alt="" ID="{603442BB-20FD-4205-AAD6-B1CDC4080A8A}" coords="(0,0,84,19)"/>
                              <events title=""/>
                            </entry>
                          </interactiveData>
                          <textSet textColor="4278190080" textSize="14" lineSpacingMultiple="1" textAlign="HaLeft" textVAlign="VaTop" textWordWrap="True" lineSpacing="18" textStyles="[]" useDefaultTextSize="True">
                            <font family="%E5%BE%AE%E8%BD%AF%E9%9B%85%E9%BB%91" displayName="%E5%BE%AE%E8%BD%AF%E9%9B%85%E9%BB%91" postScript="" weightStyle="Regular" weight="400" isBold="False" isItalic="False"/>
                            <text>%E4%BE%A7%E6%BB%91%E5%88%A0%E9%99%A4%E4%BF%AE%E6%94%B9</text>
                          </textSet>
                          <selectedIndex>-1</selectedIndex>
                          <selectedColor>4282501083</selectedColor>
                          <textPadding>0</textPadding>
                        </controlProperties>
                      </control>
                      <control controlID="B6438C8B-8EF9-41B9-A4F4-8371AC85D1BF" controlTypeID="Line" isShow="True" caption="%E7%BA%BF%E6%AE%B5" x="0" y="36" w="302" h="1" measuredW="120" measuredH="120" zOrder="2" locked="False" sizeLocked="False">
                        <controlProperties>
                          <basic color="4284900966" borderVisible="True" borderColor="4284900966" isAutoSize="False" status="MsEnabled" opacity="1" isCommentCom="False" canMove="True" alias="" rotation="0"/>
                          <states/>
                          <verticalScrollbarShow>False</verticalScrollbarShow>
                          <verticalScrollbarProgress>0</verticalScrollbarProgress>
                          <horizontalScrollbarShow>False</horizontalScrollbarShow>
                          <horizontalScrollbarProgress>0</horizontalScrollbarProgress>
                          <links eventType="AtClick" animate="AmNone" animateAutoDelay="0" animateDuration="500">
                            <link targetPageID="" linkType="ltPageLink" isApplyIncludePage="False" title="%E9%93%BE%E6%8E%A5">
                              <area shape="0" alt="" ID="{9905FE28-E655-4380-8011-BFB3C9FA78BA}" coords="(0,0,302,1)"/>
                            </link>
                          </links>
                          <interactiveData>
                            <entry title="">
                              <area shape="0" alt="" ID="{6BA98A21-CD39-4C07-A0B3-F7A9514ACA30}" coords="(0,0,302,1)"/>
                              <events title=""/>
                            </entry>
                          </interactiveData>
                          <textSet textColor="4278190080" textSize="14" lineSpacingMultiple="1" textAlign="HaCenter" textVAlign="VaTop" textWordWrap="True" lineSpacing="18" textStyles="[]" useDefaultTextSize="True">
                            <font family="%E5%BE%AE%E8%BD%AF%E9%9B%85%E9%BB%91" displayName="%E5%BE%AE%E8%BD%AF%E9%9B%85%E9%BB%91" postScript="" weightStyle="Regular" weight="400" isBold="False" isItalic="False"/>
                          </textSet>
                          <selectedIndex>-1</selectedIndex>
                          <selectedColor>4282501083</selectedColor>
                          <textPadding>0</textPadding>
                          <controlPoint>(151,0)</controlPoint>
                          <startPoint>(0,0)</startPoint>
                          <endPoint>(302,0)</endPoint>
                          <thickness>1</thickness>
                          <dashMode>SdSolid</dashMode>
                          <textBackgroundColor>4294967295</textBackgroundColor>
                          <textBorderColor>4284900966</textBorderColor>
                          <showStartArrow>0</showStartArrow>
                          <showEndArrow>0</showEndArrow>
                          <isCurved>True</isCurved>
                          <isTextPosCenter>True</isTextPosCenter>
                        </controlProperties>
                      </control>
                      <control controlID="7403C0CF-5377-4801-B242-8F6DBE588750" controlTypeID="Icon" isShow="True" caption="%E5%9B%BE%E6%A0%87" x="287" y="3" w="15" h="15" measuredW="32" measuredH="32" zOrder="3" locked="False" sizeLocked="False">
                        <controlProperties>
                          <basic color="4288256409" borderVisible="True" borderColor="4284900966" isAutoSize="False" status="MsEnabled" opacity="1" isCommentCom="False" canMove="True" alias="" rotation="0"/>
                          <states/>
                          <verticalScrollbarShow>False</verticalScrollbarShow>
                          <verticalScrollbarProgress>0</verticalScrollbarProgress>
                          <horizontalScrollbarShow>False</horizontalScrollbarShow>
                          <horizontalScrollbarProgress>0</horizontalScrollbarProgress>
                          <links eventType="AtClick" animate="AmNone" animateAutoDelay="0" animateDuration="500">
                            <link targetPageID="" linkType="ltPageLink" isApplyIncludePage="False" title="%E9%93%BE%E6%8E%A5">
                              <area shape="0" alt="" ID="{41EDEBBA-E826-49BB-9F25-85EFA65E9F42}" coords="(0,0,15,15)"/>
                            </link>
                          </links>
                          <interactiveData>
                            <entry title="">
                              <area shape="0" alt="" ID="{68D868FB-FDE9-4358-8802-A3D4E464262D}" coords="(0,0,15,15)"/>
                              <events title=""/>
                            </entry>
                          </interactiveData>
                          <rotationAngle>TdZero</rotationAngle>
                          <icon>
                            <ID/>
                            <iconFontName>jdIonicons</iconFontName>
                            <iconCode>62419</iconCode>
                          </icon>
                          <URL>2E967326C22523F5F084001B9F4E5BC7.svg</URL>
                          <FlipHorizontal>False</FlipHorizontal>
                          <FlipVertical>False</FlipVertical>
                        </controlProperties>
                      </control>
                    </groupChildrenDescriptors>
                  </controlProperties>
                </control>
                <control controlID="A727DCF4-5996-4843-95BE-C49ADA2B4327" controlTypeID="__group__" isShow="True" caption="%E7%BB%84" x="25" y="198" w="302" h="37" measuredW="0" measuredH="0" zOrder="3" locked="False" sizeLocked="False">
                  <controlProperties>
                    <basic color="4294967295" borderVisible="True" borderColor="4284900966" isAutoSize="False" status="MsEnabled" opacity="1" isCommentCom="False" canMove="True" alias="" rotation="0"/>
                    <states/>
                    <verticalScrollbarShow>False</verticalScrollbarShow>
                    <verticalScrollbarProgress>0</verticalScrollbarProgress>
                    <horizontalScrollbarShow>False</horizontalScrollbarShow>
                    <horizontalScrollbarProgress>0</horizontalScrollbarProgress>
                    <links eventType="AtClick" animate="AmNone" animateAutoDelay="0" animateDuration="500">
                      <link targetPageID="" linkType="ltPageLink" isApplyIncludePage="False" title="">
                        <area shape="0" alt="" ID="{D0F80330-C9C7-4BF4-AD85-B1F568CEEE55}" coords="(0,0,302,37)"/>
                      </link>
                    </links>
                    <interactiveData>
                      <entry title="">
                        <area shape="0" alt="" ID="{1D1FC570-417E-4294-B233-A609B7343E8A}" coords="(0,0,302,37)"/>
                        <events title=""/>
                      </entry>
                    </interactiveData>
                    <groupChildrenDescriptors>
                      <control controlID="51665D85-EE18-4E8F-990E-AB0895BE7C0B" controlTypeID="Icon" isShow="True" caption="%E5%9B%BE%E6%A0%87" x="3" y="0" w="24" h="24" measuredW="32" measuredH="32" zOrder="0" locked="False" sizeLocked="False">
                        <controlProperties>
                          <basic color="4284900966" borderVisible="True" borderColor="4284900966" isAutoSize="False" status="MsEnabled" opacity="1" isCommentCom="False" canMove="True" alias="" rotation="0"/>
                          <states/>
                          <verticalScrollbarShow>False</verticalScrollbarShow>
                          <verticalScrollbarProgress>0</verticalScrollbarProgress>
                          <horizontalScrollbarShow>False</horizontalScrollbarShow>
                          <horizontalScrollbarProgress>0</horizontalScrollbarProgress>
                          <links eventType="AtClick" animate="AmNone" animateAutoDelay="0" animateDuration="500">
                            <link targetPageID="" linkType="ltPageLink" isApplyIncludePage="False" title="%E9%93%BE%E6%8E%A5">
                              <area shape="0" alt="" ID="{03E19259-2082-441B-B722-B86B2DCA82C0}" coords="(0,0,24,24)"/>
                            </link>
                          </links>
                          <interactiveData>
                            <entry title="">
                              <area shape="0" alt="" ID="{F765B91A-6771-4520-980F-B4173A56A2CC}" coords="(0,0,24,24)"/>
                              <events title=""/>
                            </entry>
                          </interactiveData>
                          <rotationAngle>TdZero</rotationAngle>
                          <icon>
                            <ID/>
                            <iconFontName>jdIonicons</iconFontName>
                            <iconCode>62489</iconCode>
                          </icon>
                          <URL>E7D27E7A00FA7023CB70F7694DE9F06F.svg</URL>
                          <FlipHorizontal>False</FlipHorizontal>
                          <FlipVertical>False</FlipVertical>
                        </controlProperties>
                      </control>
                      <control controlID="234F157E-8AF3-4948-9575-4C27F8D49244" controlTypeID="Label" isShow="True" caption="%E5%8D%95%E8%A1%8C%E6%96%87%E5%AD%97" x="49" y="2" w="28" h="19" measuredW="0" measuredH="0" zOrder="1" locked="False" sizeLocked="False">
                        <controlProperties>
                          <basic color="0" borderVisible="True" borderColor="4284900966" isAutoSize="True" status="MsEnabled" opacity="1" isCommentCom="False" canMove="True" alias="" rotation="0"/>
                          <states/>
                          <verticalScrollbarShow>False</verticalScrollbarShow>
                          <verticalScrollbarProgress>0</verticalScrollbarProgress>
                          <horizontalScrollbarShow>False</horizontalScrollbarShow>
                          <horizontalScrollbarProgress>0</horizontalScrollbarProgress>
                          <links eventType="AtClick" animate="AmNone" animateAutoDelay="0" animateDuration="500">
                            <link targetPageID="" linkType="ltPageLink" isApplyIncludePage="False" title="%E9%93%BE%E6%8E%A5">
                              <area shape="0" alt="" ID="{B1666EB2-75CF-4527-9964-5AD235637E17}" coords="(0,0,28,19)"/>
                            </link>
                          </links>
                          <interactiveData>
                            <entry title="">
                              <area shape="0" alt="" ID="{603442BB-20FD-4205-AAD6-B1CDC4080A8A}" coords="(0,0,28,19)"/>
                              <events title=""/>
                            </entry>
                          </interactiveData>
                          <textSet textColor="4278190080" textSize="14" lineSpacingMultiple="1" textAlign="HaLeft" textVAlign="VaTop" textWordWrap="True" lineSpacing="18" textStyles="[]" useDefaultTextSize="True">
                            <font family="%E5%BE%AE%E8%BD%AF%E9%9B%85%E9%BB%91" displayName="%E5%BE%AE%E8%BD%AF%E9%9B%85%E9%BB%91" postScript="" weightStyle="Regular" weight="400" isBold="False" isItalic="False"/>
                            <text>%E5%BC%A0%E4%B8%89</text>
                          </textSet>
                          <selectedIndex>-1</selectedIndex>
                          <selectedColor>4282501083</selectedColor>
                          <textPadding>0</textPadding>
                        </controlProperties>
                      </control>
                      <control controlID="B30B1D48-6E48-481A-9B53-D114C00E4CDC" controlTypeID="Line" isShow="True" caption="%E7%BA%BF%E6%AE%B5" x="0" y="36" w="302" h="1" measuredW="120" measuredH="120" zOrder="2" locked="False" sizeLocked="False">
                        <controlProperties>
                          <basic color="4284900966" borderVisible="True" borderColor="4284900966" isAutoSize="False" status="MsEnabled" opacity="1" isCommentCom="False" canMove="True" alias="" rotation="0"/>
                          <states/>
                          <verticalScrollbarShow>False</verticalScrollbarShow>
                          <verticalScrollbarProgress>0</verticalScrollbarProgress>
                          <horizontalScrollbarShow>False</horizontalScrollbarShow>
                          <horizontalScrollbarProgress>0</horizontalScrollbarProgress>
                          <links eventType="AtClick" animate="AmNone" animateAutoDelay="0" animateDuration="500">
                            <link targetPageID="" linkType="ltPageLink" isApplyIncludePage="False" title="%E9%93%BE%E6%8E%A5">
                              <area shape="0" alt="" ID="{9905FE28-E655-4380-8011-BFB3C9FA78BA}" coords="(0,0,302,1)"/>
                            </link>
                          </links>
                          <interactiveData>
                            <entry title="">
                              <area shape="0" alt="" ID="{6BA98A21-CD39-4C07-A0B3-F7A9514ACA30}" coords="(0,0,302,1)"/>
                              <events title=""/>
                            </entry>
                          </interactiveData>
                          <textSet textColor="4278190080" textSize="14" lineSpacingMultiple="1" textAlign="HaCenter" textVAlign="VaTop" textWordWrap="True" lineSpacing="18" textStyles="[]" useDefaultTextSize="True">
                            <font family="%E5%BE%AE%E8%BD%AF%E9%9B%85%E9%BB%91" displayName="%E5%BE%AE%E8%BD%AF%E9%9B%85%E9%BB%91" postScript="" weightStyle="Regular" weight="400" isBold="False" isItalic="False"/>
                          </textSet>
                          <selectedIndex>-1</selectedIndex>
                          <selectedColor>4282501083</selectedColor>
                          <textPadding>0</textPadding>
                          <controlPoint>(151,0)</controlPoint>
                          <startPoint>(0,0)</startPoint>
                          <endPoint>(302,0)</endPoint>
                          <thickness>1</thickness>
                          <dashMode>SdSolid</dashMode>
                          <textBackgroundColor>4294967295</textBackgroundColor>
                          <textBorderColor>4284900966</textBorderColor>
                          <showStartArrow>0</showStartArrow>
                          <showEndArrow>0</showEndArrow>
                          <isCurved>True</isCurved>
                          <isTextPosCenter>True</isTextPosCenter>
                        </controlProperties>
                      </control>
                      <control controlID="095C2F8D-27E8-4B46-AEE7-D853D1984FFA" controlTypeID="Icon" isShow="True" caption="%E5%9B%BE%E6%A0%87" x="287" y="3" w="15" h="15" measuredW="32" measuredH="32" zOrder="3" locked="False" sizeLocked="False">
                        <controlProperties>
                          <basic color="4288256409" borderVisible="True" borderColor="4284900966" isAutoSize="False" status="MsEnabled" opacity="1" isCommentCom="False" canMove="True" alias="" rotation="0"/>
                          <states/>
                          <verticalScrollbarShow>False</verticalScrollbarShow>
                          <verticalScrollbarProgress>0</verticalScrollbarProgress>
                          <horizontalScrollbarShow>False</horizontalScrollbarShow>
                          <horizontalScrollbarProgress>0</horizontalScrollbarProgress>
                          <links eventType="AtClick" animate="AmNone" animateAutoDelay="0" animateDuration="500">
                            <link targetPageID="" linkType="ltPageLink" isApplyIncludePage="False" title="%E9%93%BE%E6%8E%A5">
                              <area shape="0" alt="" ID="{41EDEBBA-E826-49BB-9F25-85EFA65E9F42}" coords="(0,0,15,15)"/>
                            </link>
                          </links>
                          <interactiveData>
                            <entry title="">
                              <area shape="0" alt="" ID="{68D868FB-FDE9-4358-8802-A3D4E464262D}" coords="(0,0,15,15)"/>
                              <events title=""/>
                            </entry>
                          </interactiveData>
                          <rotationAngle>TdZero</rotationAngle>
                          <icon>
                            <ID/>
                            <iconFontName>jdIonicons</iconFontName>
                            <iconCode>62419</iconCode>
                          </icon>
                          <URL>2E967326C22523F5F084001B9F4E5BC7.svg</URL>
                          <FlipHorizontal>False</FlipHorizontal>
                          <FlipVertical>False</FlipVertical>
                        </controlProperties>
                      </control>
                    </groupChildrenDescriptors>
                  </controlProperties>
                </control>
              </groupChildrenDescriptors>
            </controlProperties>
          </control>
          <control controlID="1CF4E160-62D4-42DF-B803-2809207D5492" controlTypeID="Border" isShow="True" caption="Border" x="0" y="0" w="345" h="531" measuredW="0" measuredH="0" zOrder="1" locked="True" sizeLocked="False">
            <controlProperties>
              <basic color="4284900966" borderVisible="True" borderColor="4278190080" isAutoSize="False" status="MsEnabled" opacity="1" isCommentCom="False" canMove="True" alias="borderLayer" rotation="0"/>
              <states/>
              <verticalScrollbarShow>False</verticalScrollbarShow>
              <verticalScrollbarProgress>0</verticalScrollbarProgress>
              <horizontalScrollbarShow>False</horizontalScrollbarShow>
              <horizontalScrollbarProgress>0</horizontalScrollbarProgress>
              <links eventType="AtClick" animate="AmNone" animateAutoDelay="0" animateDuration="500">
                <link targetPageID="" linkType="ltPageLink" isApplyIncludePage="False" title="%E9%93%BE%E6%8E%A5">
                  <area shape="0" alt="" ID="{C576E4C6-598C-4E13-B739-C59E7CAC380A}" coords="(0,0,345,531)"/>
                </link>
              </links>
              <interactiveData>
                <entry title="">
                  <area shape="0" alt="" ID="{49B67330-5BA0-4C73-AB62-70FC57F88E59}" coords="(0,0,345,531)"/>
                  <events title=""/>
                </entry>
              </interactiveData>
              <thickness>1</thickness>
              <dashMode>SdSolid</dashMode>
            </controlProperties>
          </control>
        </groupChildrenDescriptors>
        <canHoriScroll>False</canHoriScroll>
        <canVertScroll>True</canVertScroll>
        <showScrollBars>True</showScrollBars>
      </controlProperties>
    </control>
    <control controlID="FD916293-FD71-4769-96E7-770E5C80AE4C" controlTypeID="Icon" isShow="True" caption="%E5%9B%BE%E6%A0%87" x="15" y="28" w="15" h="15" measuredW="32" measuredH="32" zOrder="3" locked="False" sizeLocked="False">
      <controlProperties>
        <basic color="4284900966" borderVisible="True" borderColor="4284900966" isAutoSize="False" status="MsEnabled" opacity="1" isCommentCom="False" canMove="True" alias="" rotation="0"/>
        <states/>
        <verticalScrollbarShow>False</verticalScrollbarShow>
        <verticalScrollbarProgress>0</verticalScrollbarProgress>
        <horizontalScrollbarShow>False</horizontalScrollbarShow>
        <horizontalScrollbarProgress>0</horizontalScrollbarProgress>
        <links eventType="AtClick" animate="AmNone" animateAutoDelay="0" animateDuration="500">
          <link targetPageID="4D6A6518-B9EB-48F2-B95A-153C42A08A68" linkType="ltPageLink" isApplyIncludePage="False" title="%E4%B8%BB%E8%B4%A6%E6%88%B7%E7%AE%A1%E7%90%86%E6%A8%A1%E5%9D%97">
            <area shape="0" alt="" ID="{A8F47A00-BA06-4E0D-83CA-DF54E34D6264}" coords="(0,0,15,15)"/>
          </link>
        </links>
        <interactiveData>
          <entry title="">
            <area shape="0" alt="" ID="{E8FD2DFC-AACE-4B39-A172-81F8985AF00C}" coords="(0,0,15,15)"/>
            <events title=""/>
          </entry>
        </interactiveData>
        <rotationAngle>TdZero</rotationAngle>
        <icon>
          <ID/>
          <iconFontName>jdIonicons</iconFontName>
          <iconCode>62154</iconCode>
        </icon>
        <URL>D95E480717200F895E41DB6E5B869596.svg</URL>
        <FlipHorizontal>False</FlipHorizontal>
        <FlipVertical>False</FlipVertical>
      </controlProperties>
    </control>
    <control controlID="66BB97E7-FB47-4D1C-B9CA-0DBF790F02CD" controlTypeID="Icon" isShow="True" caption="%E5%9B%BE%E6%A0%87" x="345" y="28" w="15" h="15" measuredW="32" measuredH="32" zOrder="4" locked="False" sizeLocked="False">
      <controlProperties>
        <basic color="4284900966" borderVisible="True" borderColor="4284900966" isAutoSize="False" status="MsEnabled" opacity="1" isCommentCom="False" canMove="True" alias="" rotation="0"/>
        <states/>
        <verticalScrollbarShow>False</verticalScrollbarShow>
        <verticalScrollbarProgress>0</verticalScrollbarProgress>
        <horizontalScrollbarShow>False</horizontalScrollbarShow>
        <horizontalScrollbarProgress>0</horizontalScrollbarProgress>
        <links eventType="AtClick" animate="AmNone" animateAutoDelay="0" animateDuration="500">
          <link targetPageID="F659CA57-2B47-433C-B6D3-7453A380B182" linkType="ltPageLink" isApplyIncludePage="False" title="%E8%8E%B7%E5%8F%96%E4%B8%BB%E8%B4%A6%E6%88%B7%E4%BF%A1%E6%81%AF_%E6%9B%B4%E5%A4%9A">
            <area shape="0" alt="" ID="{0558AE48-1F72-4C20-AA3E-1D10545B3471}" coords="(0,0,15,15)"/>
          </link>
        </links>
        <interactiveData>
          <entry title="">
            <area shape="0" alt="" ID="{84732415-CC05-4707-A1D0-66F49DB8F344}" coords="(0,0,15,15)"/>
            <events title=""/>
          </entry>
        </interactiveData>
        <rotationAngle>TdZero</rotationAngle>
        <icon>
          <ID/>
          <iconFontName>jdIonicons</iconFontName>
          <iconCode>62359</iconCode>
        </icon>
        <URL>92A37C37F1C55861F795B008D0D7225E.svg</URL>
        <FlipHorizontal>False</FlipHorizontal>
        <FlipVertical>False</FlipVertical>
      </controlProperties>
    </control>
  </controls>
  <param>
    <backgroundColor>4294967295</backgroundColor>
    <fontSize>0</fontSize>
    <fontFamily/>
    <guideLines/>
  </param>
</mockup>