﻿<mockup version="4.5" minAllowVersion="4.5" ID="A6788ECF-1E7D-4F85-A50B-3C9A2EC8955F" platform="MtMobile" defaultW="375" defaultH="667" screenOrientation="MoPortrait" mobileScreenScale="1.77777779102325" measureW="375" measureH="667" clipArea="(0,0,0,0)">
  <controls controlCount="16">
    <control controlID="C3C526A4-8E8C-41A0-9817-E82C64FC88AF" controlTypeID="Line" isShow="True" caption="%E7%BA%BF%E6%AE%B5" x="0" y="60" w="374" h="1" measuredW="120" measuredH="120" zOrder="0" locked="False" sizeLocked="False">
      <controlProperties>
        <basic color="4284900966" borderVisible="True" borderColor="4284900966" isAutoSize="False" status="MsEnabled" opacity="1" isCommentCom="False" canMove="True" alias="" rotation="0"/>
        <states/>
        <verticalScrollbarShow>False</verticalScrollbarShow>
        <verticalScrollbarProgress>0</verticalScrollbarProgress>
        <horizontalScrollbarShow>False</horizontalScrollbarShow>
        <horizontalScrollbarProgress>0</horizontalScrollbarProgress>
        <links eventType="AtClick" animate="AmNone" animateAutoDelay="0" animateDuration="500">
          <link targetPageID="" linkType="ltPageLink" isApplyIncludePage="False" title="%E9%93%BE%E6%8E%A5">
            <area shape="0" alt="" ID="{D71C4B50-A9AB-4DAD-AAF9-266A8C9162BE}" coords="(0,0,374,1)"/>
          </link>
        </links>
        <interactiveData>
          <entry title="">
            <area shape="0" alt="" ID="{8F8C9C1C-9B7F-4D14-A793-44CE49B6D51D}" coords="(0,0,374,1)"/>
            <events title=""/>
          </entry>
        </interactiveData>
        <textSet textColor="4278190080" textSize="14" lineSpacingMultiple="1" textAlign="HaCenter" textVAlign="VaTop" textWordWrap="True" lineSpacing="18" textStyles="[]" useDefaultTextSize="True">
          <font family="%E5%BE%AE%E8%BD%AF%E9%9B%85%E9%BB%91" displayName="%E5%BE%AE%E8%BD%AF%E9%9B%85%E9%BB%91" postScript="" weightStyle="Regular" weight="400" isBold="False" isItalic="False"/>
        </textSet>
        <selectedIndex>-1</selectedIndex>
        <selectedColor>4282501083</selectedColor>
        <textPadding>0</textPadding>
        <controlPoint>(187,0)</controlPoint>
        <startPoint>(0,0)</startPoint>
        <endPoint>(374,0)</endPoint>
        <thickness>1</thickness>
        <dashMode>SdSolid</dashMode>
        <textBackgroundColor>4294967295</textBackgroundColor>
        <textBorderColor>4284900966</textBorderColor>
        <showStartArrow>0</showStartArrow>
        <showEndArrow>0</showEndArrow>
        <isCurved>True</isCurved>
        <isTextPosCenter>True</isTextPosCenter>
      </controlProperties>
    </control>
    <control controlID="1658E728-D8E9-4E41-919F-265D3B9C6665" controlTypeID="Label" isShow="True" caption="%E5%8D%95%E8%A1%8C%E6%96%87%E5%AD%97" x="139" y="24" w="84" h="19" measuredW="0" measuredH="0" zOrder="1" locked="False" sizeLocked="False">
      <controlProperties>
        <basic color="0" borderVisible="True" borderColor="4284900966" isAutoSize="True" status="MsEnabled" opacity="1" isCommentCom="False" canMove="True" alias="" rotation="0"/>
        <states/>
        <verticalScrollbarShow>False</verticalScrollbarShow>
        <verticalScrollbarProgress>0</verticalScrollbarProgress>
        <horizontalScrollbarShow>False</horizontalScrollbarShow>
        <horizontalScrollbarProgress>0</horizontalScrollbarProgress>
        <links eventType="AtClick" animate="AmNone" animateAutoDelay="0" animateDuration="500">
          <link targetPageID="" linkType="ltPageLink" isApplyIncludePage="False" title="%E9%93%BE%E6%8E%A5">
            <area shape="0" alt="" ID="{4F4DA76F-2A33-43BA-967C-B687C08EDA2E}" coords="(0,0,84,19)"/>
          </link>
        </links>
        <interactiveData>
          <entry title="">
            <area shape="0" alt="" ID="{1A454765-675B-452F-86BF-1843CEB2C470}" coords="(0,0,84,19)"/>
            <events title=""/>
          </entry>
        </interactiveData>
        <textSet textColor="4278190080" textSize="14" lineSpacingMultiple="1" textAlign="HaLeft" textVAlign="VaTop" textWordWrap="True" lineSpacing="18" textStyles="[]" useDefaultTextSize="True">
          <font family="%E5%BE%AE%E8%BD%AF%E9%9B%85%E9%BB%91" displayName="%E5%BE%AE%E8%BD%AF%E9%9B%85%E9%BB%91" postScript="" weightStyle="Regular" weight="400" isBold="False" isItalic="False"/>
          <text>%E6%B7%BB%E5%8A%A0%E5%91%98%E5%B7%A5%E4%BF%A1%E6%81%AF</text>
        </textSet>
        <selectedIndex>-1</selectedIndex>
        <selectedColor>4282501083</selectedColor>
        <textPadding>0</textPadding>
      </controlProperties>
    </control>
    <control controlID="FD916293-FD71-4769-96E7-770E5C80AE4C" controlTypeID="Icon" isShow="True" caption="%E5%9B%BE%E6%A0%87" x="15" y="28" w="15" h="15" measuredW="32" measuredH="32" zOrder="2" locked="False" sizeLocked="False">
      <controlProperties>
        <basic color="4284900966" borderVisible="True" borderColor="4284900966" isAutoSize="False" status="MsEnabled" opacity="1" isCommentCom="False" canMove="True" alias="" rotation="0"/>
        <states/>
        <verticalScrollbarShow>False</verticalScrollbarShow>
        <verticalScrollbarProgress>0</verticalScrollbarProgress>
        <horizontalScrollbarShow>False</horizontalScrollbarShow>
        <horizontalScrollbarProgress>0</horizontalScrollbarProgress>
        <links eventType="AtClick" animate="AmNone" animateAutoDelay="0" animateDuration="500">
          <link targetPageID="C9AEC8B5-1712-4AF4-BF9E-FA10BBCF9132" linkType="ltPageLink" isApplyIncludePage="False" title="%E8%8E%B7%E5%8F%96%E4%B8%BB%E8%B4%A6%E6%88%B7%E4%BF%A1%E6%81%AF">
            <area shape="0" alt="" ID="{A8F47A00-BA06-4E0D-83CA-DF54E34D6264}" coords="(0,0,15,15)"/>
          </link>
        </links>
        <interactiveData>
          <entry title="">
            <area shape="0" alt="" ID="{E8FD2DFC-AACE-4B39-A172-81F8985AF00C}" coords="(0,0,15,15)"/>
            <events title=""/>
          </entry>
        </interactiveData>
        <rotationAngle>TdZero</rotationAngle>
        <icon>
          <ID/>
          <iconFontName>jdIonicons</iconFontName>
          <iconCode>62154</iconCode>
        </icon>
        <URL>D95E480717200F895E41DB6E5B869596.svg</URL>
        <FlipHorizontal>False</FlipHorizontal>
        <FlipVertical>False</FlipVertical>
      </controlProperties>
    </control>
    <control controlID="30983FDB-C5B0-469A-B481-5977197E6AA7" controlTypeID="ScrollView" isShow="True" caption="%E6%BB%9A%E5%8A%A8%E5%8C%BA" x="9" y="71" w="355" h="591" measuredW="0" measuredH="0" zOrder="3" locked="False" sizeLocked="False">
      <controlProperties>
        <basic color="4294967295" borderVisible="True" borderColor="4284900966" isAutoSize="False" status="MsEnabled" opacity="1" isCommentCom="False" canMove="True" alias="" rotation="0"/>
        <states/>
        <verticalScrollbarShow>False</verticalScrollbarShow>
        <verticalScrollbarProgress>0</verticalScrollbarProgress>
        <horizontalScrollbarShow>False</horizontalScrollbarShow>
        <horizontalScrollbarProgress>0</horizontalScrollbarProgress>
        <links eventType="AtClick" animate="AmNone" animateAutoDelay="0" animateDuration="500">
          <link targetPageID="" linkType="ltPageLink" isApplyIncludePage="False" title="%E9%93%BE%E6%8E%A5">
            <area shape="0" alt="" ID="{493B27DD-7C9E-410D-AD7B-2F2F8C7AC528}" coords="(0,0,355,591)"/>
          </link>
        </links>
        <interactiveData>
          <entry title="">
            <area shape="0" alt="" ID="{7CD2FC0D-9875-40DC-8888-BD7C7DEB0923}" coords="(0,0,355,591)"/>
            <events title=""/>
          </entry>
        </interactiveData>
        <groupChildrenDescriptors>
          <control controlID="445F9D65-03CD-43B9-A6D8-FAEE25A61999" controlTypeID="ScrollViewContentPanel" isShow="True" caption="%E6%BB%9A%E5%8A%A8%E5%8C%BA%E5%86%85%E5%AE%B9%E5%B1%82" x="0" y="0" w="355" h="591" measuredW="0" measuredH="0" zOrder="0" locked="True" sizeLocked="False">
            <controlProperties>
              <basic color="0" borderVisible="False" borderColor="4278190080" isAutoSize="False" status="MsEnabled" opacity="1" isCommentCom="False" canMove="True" alias="contentPanel" rotation="0"/>
              <states/>
              <verticalScrollbarShow>False</verticalScrollbarShow>
              <verticalScrollbarProgress>0</verticalScrollbarProgress>
              <horizontalScrollbarShow>False</horizontalScrollbarShow>
              <horizontalScrollbarProgress>0</horizontalScrollbarProgress>
              <links eventType="AtClick" animate="AmNone" animateAutoDelay="0" animateDuration="500">
                <link targetPageID="" linkType="ltPageLink" isApplyIncludePage="False" title="%E9%93%BE%E6%8E%A5">
                  <area shape="0" alt="" ID="{1064337C-B597-4E3E-A98D-395F464BAE8F}" coords="(0,0,355,591)"/>
                </link>
              </links>
              <interactiveData>
                <entry title="">
                  <area shape="0" alt="" ID="{511AE917-3281-4168-AEAE-3FBA3F7A3211}" coords="(0,0,355,591)"/>
                  <events title=""/>
                </entry>
              </interactiveData>
              <groupChildrenDescriptors>
                <control controlID="B067880A-17C4-4BA3-B64D-79F9658476F6" controlTypeID="Label" isShow="True" caption="%E5%8D%95%E8%A1%8C%E6%96%87%E5%AD%97" x="20" y="20" w="235" h="19" measuredW="0" measuredH="0" zOrder="0" locked="False" sizeLocked="False">
                  <controlProperties>
                    <basic color="0" borderVisible="True" borderColor="4284900966" isAutoSize="True" status="MsEnabled" opacity="1" isCommentCom="False" canMove="True" alias="" rotation="0"/>
                    <states/>
                    <verticalScrollbarShow>False</verticalScrollbarShow>
                    <verticalScrollbarProgress>0</verticalScrollbarProgress>
                    <horizontalScrollbarShow>False</horizontalScrollbarShow>
                    <horizontalScrollbarProgress>0</horizontalScrollbarProgress>
                    <links eventType="AtClick" animate="AmNone" animateAutoDelay="0" animateDuration="500">
                      <link targetPageID="" linkType="ltPageLink" isApplyIncludePage="False" title="%E9%93%BE%E6%8E%A5">
                        <area shape="0" alt="" ID="{F7E50676-9EF8-4FD5-AC78-10B2EBFAEEDF}" coords="(0,0,235,19)"/>
                      </link>
                    </links>
                    <interactiveData>
                      <entry title="">
                        <area shape="0" alt="" ID="{345FF93B-51E8-4353-9726-2F4BE1CEC04B}" coords="(0,0,235,19)"/>
                        <events title=""/>
                      </entry>
                    </interactiveData>
                    <textSet textColor="4278190080" textSize="14" lineSpacingMultiple="1" textAlign="HaLeft" textVAlign="VaTop" textWordWrap="True" lineSpacing="18" textStyles="[]" useDefaultTextSize="True">
                      <font family="%E5%BE%AE%E8%BD%AF%E9%9B%85%E9%BB%91" displayName="%E5%BE%AE%E8%BD%AF%E9%9B%85%E9%BB%91" postScript="" weightStyle="Regular" weight="400" isBold="False" isItalic="False"/>
                      <text>%E8%AF%B7%E6%B1%82%E6%96%B9%E5%BC%8F%EF%BC%9Ahttps+Get%2FPost+%E6%96%B9%E5%BC%8F%E8%AF%B7%E6%B1%82%EF%BC%9B</text>
                    </textSet>
                    <selectedIndex>-1</selectedIndex>
                    <selectedColor>4282501083</selectedColor>
                    <textPadding>0</textPadding>
                  </controlProperties>
                </control>
                <control controlID="B14D5556-78DA-4AF5-B7D9-97A01016D26E" controlTypeID="Label" isShow="True" caption="%E5%8D%95%E8%A1%8C%E6%96%87%E5%AD%97" x="20" y="56" w="64" h="19" measuredW="0" measuredH="0" zOrder="1" locked="False" sizeLocked="False">
                  <controlProperties>
                    <basic color="0" borderVisible="True" borderColor="4284900966" isAutoSize="True" status="MsEnabled" opacity="1" isCommentCom="False" canMove="True" alias="" rotation="0"/>
                    <states/>
                    <verticalScrollbarShow>False</verticalScrollbarShow>
                    <verticalScrollbarProgress>0</verticalScrollbarProgress>
                    <horizontalScrollbarShow>False</horizontalScrollbarShow>
                    <horizontalScrollbarProgress>0</horizontalScrollbarProgress>
                    <links eventType="AtClick" animate="AmNone" animateAutoDelay="0" animateDuration="500">
                      <link targetPageID="" linkType="ltPageLink" isApplyIncludePage="False" title="%E9%93%BE%E6%8E%A5">
                        <area shape="0" alt="" ID="{F7E50676-9EF8-4FD5-AC78-10B2EBFAEEDF}" coords="(0,0,64,19)"/>
                      </link>
                    </links>
                    <interactiveData>
                      <entry title="">
                        <area shape="0" alt="" ID="{345FF93B-51E8-4353-9726-2F4BE1CEC04B}" coords="(0,0,64,19)"/>
                        <events title=""/>
                      </entry>
                    </interactiveData>
                    <textSet textColor="4278190080" textSize="14" lineSpacingMultiple="1" textAlign="HaLeft" textVAlign="VaTop" textWordWrap="True" lineSpacing="18" textStyles="[]" useDefaultTextSize="True">
                      <font family="%E5%BE%AE%E8%BD%AF%E9%9B%85%E9%BB%91" displayName="%E5%BE%AE%E8%BD%AF%E9%9B%85%E9%BB%91" postScript="" weightStyle="Regular" weight="400" isBold="False" isItalic="False"/>
                      <text>%E8%AF%B7%E6%B1%82%E5%9C%B0%E5%9D%80%EF%BC%9A</text>
                    </textSet>
                    <selectedIndex>-1</selectedIndex>
                    <selectedColor>4282501083</selectedColor>
                    <textPadding>0</textPadding>
                  </controlProperties>
                </control>
                <control controlID="DF03DC22-F86C-4449-A0B1-58B4FEF10627" controlTypeID="TextArea" isShow="True" caption="%E5%A4%9A%E8%A1%8C%E6%96%87%E5%AD%97" x="91" y="56" w="240" h="84" measuredW="0" measuredH="126" zOrder="2" locked="False" sizeLocked="False">
                  <controlProperties>
                    <basic color="16777215" borderVisible="False" borderColor="4284900966" isAutoSize="False" status="MsEnabled" opacity="1" isCommentCom="False" canMove="True" alias="" rotation="0"/>
                    <states/>
                    <verticalScrollbarShow>False</verticalScrollbarShow>
                    <verticalScrollbarProgress>0</verticalScrollbarProgress>
                    <horizontalScrollbarShow>False</horizontalScrollbarShow>
                    <horizontalScrollbarProgress>0</horizontalScrollbarProgress>
                    <links eventType="AtClick" animate="AmNone" animateAutoDelay="0" animateDuration="500">
                      <link targetPageID="" linkType="ltPageLink" isApplyIncludePage="False" title="%E9%93%BE%E6%8E%A5">
                        <area shape="0" alt="" ID="{C329D071-6A35-4B81-BEA3-C7C5556402E7}" coords="(0,0,240,84)"/>
                      </link>
                    </links>
                    <interactiveData>
                      <entry title="">
                        <area shape="0" alt="" ID="{02F4F26A-10B6-4D43-AAB3-64BA7DB2767C}" coords="(0,0,240,84)"/>
                        <events title=""/>
                      </entry>
                    </interactiveData>
                    <textSet textColor="4278190080" textSize="14" lineSpacingMultiple="1" textAlign="HaLeft" textVAlign="VaTop" textWordWrap="True" lineSpacing="18" textStyles="[]" useDefaultTextSize="True">
                      <font family="%E5%BE%AE%E8%BD%AF%E9%9B%85%E9%BB%91" displayName="%E5%BE%AE%E8%BD%AF%E9%9B%85%E9%BB%91" postScript="" weightStyle="Regular" weight="400" isBold="False" isItalic="False"/>
                      <text>https%3A%2F%2F%3C%E5%9C%B0%E5%9D%80%E6%88%96%E5%9F%9F%E5%90%8D%3E%0D%0A%2F%7BSoftVersion%7D%2FSubAccounts%2F%7BsubAccountSid%7D%2FEnterprises%2FcreateUser</text>
                    </textSet>
                    <selectedIndex>-1</selectedIndex>
                    <selectedColor>4282501083</selectedColor>
                    <textPadding>0</textPadding>
                  </controlProperties>
                </control>
                <control controlID="CD432941-EFD3-4353-8F36-6DEB7ACAF9A4" controlTypeID="Button" isShow="True" caption="%E6%8C%89%E9%92%AE" x="22" y="173" w="155" h="48" measuredW="78" measuredH="36" zOrder="3" locked="False" sizeLocked="False">
                  <controlProperties>
                    <basic color="4294967295" borderVisible="True" borderColor="4284900966" isAutoSize="False" status="MsEnabled" opacity="1" isCommentCom="False" canMove="True" alias="" rotation="0"/>
                    <states/>
                    <verticalScrollbarShow>False</verticalScrollbarShow>
                    <verticalScrollbarProgress>0</verticalScrollbarProgress>
                    <horizontalScrollbarShow>False</horizontalScrollbarShow>
                    <horizontalScrollbarProgress>0</horizontalScrollbarProgress>
                    <links eventType="AtClick" animate="AmNone" animateAutoDelay="0" animateDuration="500">
                      <link targetPageID="" linkType="ltPageLink" isApplyIncludePage="False" title="%E9%93%BE%E6%8E%A5">
                        <area shape="0" alt="" ID="{FF4C85A5-8821-4506-BDB4-50A5535DA874}" coords="(0,0,155,48)"/>
                      </link>
                    </links>
                    <interactiveData>
                      <entry title="">
                        <area shape="0" alt="" ID="{3212A690-7FE9-4B36-A407-CA4AC36A5390}" coords="(0,0,155,48)"/>
                        <events title="">
                          <event eventType="atClick" isChecked="True">
                            <behaviour title="" isChecked="True" isWait="False" isLoop="False" execMode="emParallel">
                              <target targetID="266D0DCF-A5D6-4CC9-9FE1-0EDAF438F0E6" isChecked="True" isAutoRecovery="False" isLoop="False" execMode="emSequence">
                                <command name="Switch Stack Panel" isChecked="True" descrition="">
                                  <param name="AniInterpolation" value="0" varType="3" description=""/>
                                  <param name="AniDuration" value="200" varType="3" description=""/>
                                  <param name="AniAutoReverse" value="False" varType="11" description=""/>
                                  <param name="AniLoop" value="False" varType="11" description=""/>
                                  <param name="AniInterpolationTypeOut" value="False" varType="11" description=""/>
                                  <param name="Delay" value="0" varType="3" description=""/>
                                  <param name="SelecedIndex" value="0" varType="3" description=""/>
                                </command>
                              </target>
                            </behaviour>
                          </event>
                        </events>
                      </entry>
                    </interactiveData>
                    <textSet textColor="4278190080" textSize="14" lineSpacingMultiple="1" textAlign="HaCenter" textVAlign="VaMiddle" textWordWrap="True" lineSpacing="18" textStyles="[]" useDefaultTextSize="True">
                      <font family="%E5%BE%AE%E8%BD%AF%E9%9B%85%E9%BB%91" displayName="%E5%BE%AE%E8%BD%AF%E9%9B%85%E9%BB%91" postScript="" weightStyle="Regular" weight="400" isBold="False" isItalic="False"/>
                      <text>XML+%E8%AF%B7%E6%B1%82%E7%A4%BA%E4%BE%8B</text>
                    </textSet>
                    <selectedIndex>-1</selectedIndex>
                    <selectedColor>4282501083</selectedColor>
                    <textPadding>0</textPadding>
                    <radius>6</radius>
                    <radiusIsPercent>False</radiusIsPercent>
                    <buttonStatus>BsNormal</buttonStatus>
                    <thickness>1</thickness>
                    <isAutoTextColor>False</isAutoTextColor>
                    <borderColor>4284900966</borderColor>
                  </controlProperties>
                </control>
                <control controlID="C27200E1-6735-48BE-BE17-0D2D98577FE0" controlTypeID="Button" isShow="True" caption="%E6%8C%89%E9%92%AE" x="176" y="173" w="155" h="48" measuredW="78" measuredH="36" zOrder="4" locked="False" sizeLocked="False">
                  <controlProperties>
                    <basic color="4294967295" borderVisible="True" borderColor="4284900966" isAutoSize="False" status="MsEnabled" opacity="1" isCommentCom="False" canMove="True" alias="" rotation="0"/>
                    <states/>
                    <verticalScrollbarShow>False</verticalScrollbarShow>
                    <verticalScrollbarProgress>0</verticalScrollbarProgress>
                    <horizontalScrollbarShow>False</horizontalScrollbarShow>
                    <horizontalScrollbarProgress>0</horizontalScrollbarProgress>
                    <links eventType="AtClick" animate="AmNone" animateAutoDelay="0" animateDuration="500">
                      <link targetPageID="" linkType="ltPageLink" isApplyIncludePage="False" title="%E9%93%BE%E6%8E%A5">
                        <area shape="0" alt="" ID="{FF4C85A5-8821-4506-BDB4-50A5535DA874}" coords="(0,0,155,48)"/>
                      </link>
                    </links>
                    <interactiveData>
                      <entry title="">
                        <area shape="0" alt="" ID="{3212A690-7FE9-4B36-A407-CA4AC36A5390}" coords="(0,0,155,48)"/>
                        <events title="">
                          <event eventType="atClick" isChecked="True">
                            <behaviour title="" isChecked="True" isWait="False" isLoop="False" execMode="emParallel">
                              <target targetID="266D0DCF-A5D6-4CC9-9FE1-0EDAF438F0E6" isChecked="True" isAutoRecovery="False" isLoop="False" execMode="emSequence">
                                <command name="Switch Stack Panel" isChecked="True" descrition="">
                                  <param name="AniInterpolation" value="0" varType="3" description=""/>
                                  <param name="AniDuration" value="200" varType="3" description=""/>
                                  <param name="AniAutoReverse" value="False" varType="11" description=""/>
                                  <param name="AniLoop" value="False" varType="11" description=""/>
                                  <param name="AniInterpolationTypeOut" value="False" varType="11" description=""/>
                                  <param name="Delay" value="0" varType="3" description=""/>
                                  <param name="SelecedIndex" value="1" varType="3" description=""/>
                                </command>
                              </target>
                            </behaviour>
                          </event>
                        </events>
                      </entry>
                    </interactiveData>
                    <textSet textColor="4278190080" textSize="14" lineSpacingMultiple="1" textAlign="HaCenter" textVAlign="VaMiddle" textWordWrap="True" lineSpacing="18" textStyles="[]" useDefaultTextSize="True">
                      <font family="%E5%BE%AE%E8%BD%AF%E9%9B%85%E9%BB%91" displayName="%E5%BE%AE%E8%BD%AF%E9%9B%85%E9%BB%91" postScript="" weightStyle="Regular" weight="400" isBold="False" isItalic="False"/>
                      <text>JSON+%E8%AF%B7%E6%B1%82%E7%A4%BA%E4%BE%8B</text>
                    </textSet>
                    <selectedIndex>-1</selectedIndex>
                    <selectedColor>4282501083</selectedColor>
                    <textPadding>0</textPadding>
                    <radius>6</radius>
                    <radiusIsPercent>False</radiusIsPercent>
                    <buttonStatus>BsNormal</buttonStatus>
                    <thickness>1</thickness>
                    <isAutoTextColor>False</isAutoTextColor>
                    <borderColor>4284900966</borderColor>
                  </controlProperties>
                </control>
                <control controlID="266D0DCF-A5D6-4CC9-9FE1-0EDAF438F0E6" controlTypeID="ContentPanel" isShow="True" caption="%E5%86%85%E5%AE%B9%E9%9D%A2%E6%9D%BF" x="22" y="221" w="309" h="304" measuredW="0" measuredH="0" zOrder="5" locked="False" sizeLocked="False">
                  <controlProperties>
                    <basic color="4294967295" borderVisible="False" borderColor="4284900966" isAutoSize="False" status="MsEnabled" opacity="1" isCommentCom="False" canMove="True" alias="" rotation="0"/>
                    <states/>
                    <verticalScrollbarShow>False</verticalScrollbarShow>
                    <verticalScrollbarProgress>0</verticalScrollbarProgress>
                    <horizontalScrollbarShow>False</horizontalScrollbarShow>
                    <horizontalScrollbarProgress>0</horizontalScrollbarProgress>
                    <links eventType="AtClick" animate="AmNone" animateAutoDelay="0" animateDuration="500">
                      <link targetPageID="17BE9AAB-6D75-4D8A-B6FA-4B19BE85E3FE" linkType="ltIncludePage" isApplyIncludePage="False" title="2">
                        <area shape="0" alt="" ID="{2BF7DF8E-B7C2-486B-AE41-33C4B109247E}" coords="(0,0,309,304)"/>
                      </link>
                    </links>
                    <interactiveData>
                      <entry title="">
                        <area shape="0" alt="" ID="{A409D385-71F4-4581-8224-86C546F57501}" coords="(0,0,309,304)"/>
                        <events title=""/>
                      </entry>
                    </interactiveData>
                    <groupChildrenDescriptors>
                      <control controlID="2E47C050-D8F5-405E-AA8D-64095FEC5DAD" controlTypeID="ScrollArea" isShow="True" caption="xml" x="0" y="0" w="309" h="304" measuredW="0" measuredH="0" zOrder="0" locked="False" sizeLocked="False">
                        <controlProperties>
                          <basic color="4294967295" borderVisible="False" borderColor="4284900966" isAutoSize="False" status="MsEnabled" opacity="1" isCommentCom="False" canMove="False" alias="xml" rotation="0"/>
                          <states/>
                          <verticalScrollbarShow>False</verticalScrollbarShow>
                          <verticalScrollbarProgress>0</verticalScrollbarProgress>
                          <horizontalScrollbarShow>False</horizontalScrollbarShow>
                          <horizontalScrollbarProgress>0</horizontalScrollbarProgress>
                          <links eventType="AtClick" animate="AmNone" animateAutoDelay="0" animateDuration="500">
                            <link targetPageID="" linkType="ltIncludePage" isApplyIncludePage="False" title="%E9%93%BE%E6%8E%A5">
                              <area shape="0" alt="" ID="{880E09AA-CFF5-4739-814D-7CEE4E29E3CA}" coords="(0,0,309,304)"/>
                            </link>
                          </links>
                          <interactiveData>
                            <entry title="">
                              <area shape="0" alt="" ID="{3DF45CF0-61F7-402C-8E15-C63298CE63DD}" coords="(0,0,309,304)"/>
                              <events title=""/>
                            </entry>
                          </interactiveData>
                          <groupChildrenDescriptors>
                            <control controlID="F55D3C88-535D-4BD6-83C1-92FD2A342572" controlTypeID="ScrollViewPort" isShow="True" caption="ScrollViewPort" x="0" y="0" w="300" h="300" measuredW="0" measuredH="0" zOrder="0" locked="False" sizeLocked="False">
                              <controlProperties>
                                <basic color="0" borderVisible="False" borderColor="4284900966" isAutoSize="False" status="MsEnabled" opacity="1" isCommentCom="False" canMove="False" alias="viewPort" rotation="0"/>
                                <states/>
                                <verticalScrollbarShow>False</verticalScrollbarShow>
                                <verticalScrollbarProgress>0</verticalScrollbarProgress>
                                <horizontalScrollbarShow>False</horizontalScrollbarShow>
                                <horizontalScrollbarProgress>0</horizontalScrollbarProgress>
                                <links eventType="AtClick" animate="AmNone" animateAutoDelay="0" animateDuration="500">
                                  <link targetPageID="17BE9AAB-6D75-4D8A-B6FA-4B19BE85E3FE" linkType="ltIncludePage" isApplyIncludePage="True" title="%E9%93%BE%E6%8E%A5">
                                    <area shape="0" alt="" ID="{D86C3EBE-59E5-4C8A-8AB5-39232C4DEED3}" coords="(0,0,300,300)"/>
                                  </link>
                                </links>
                                <interactiveData>
                                  <entry title="">
                                    <area shape="0" alt="" ID="{9FA6F1E1-8B4C-45B1-993C-C57FE92CD49B}" coords="(0,0,300,300)"/>
                                    <events title=""/>
                                  </entry>
                                </interactiveData>
                              </controlProperties>
                            </control>
                          </groupChildrenDescriptors>
                        </controlProperties>
                      </control>
                      <control controlID="E1850A9A-43EE-45EB-9542-3B58DEA44E58" controlTypeID="ScrollArea" isShow="True" caption="2" x="0" y="0" w="309" h="304" measuredW="0" measuredH="0" zOrder="1" locked="False" sizeLocked="False">
                        <controlProperties>
                          <basic color="4294967295" borderVisible="False" borderColor="4284900966" isAutoSize="False" status="MsEnabled" opacity="1" isCommentCom="False" canMove="False" alias="2" rotation="0"/>
                          <states/>
                          <verticalScrollbarShow>False</verticalScrollbarShow>
                          <verticalScrollbarProgress>0</verticalScrollbarProgress>
                          <horizontalScrollbarShow>False</horizontalScrollbarShow>
                          <horizontalScrollbarProgress>0</horizontalScrollbarProgress>
                          <links eventType="AtClick" animate="AmNone" animateAutoDelay="0" animateDuration="500">
                            <link targetPageID="" linkType="ltIncludePage" isApplyIncludePage="False" title="%E9%93%BE%E6%8E%A5">
                              <area shape="0" alt="" ID="{CFDE5AFF-B180-465C-AE65-4C4A718D4E0C}" coords="(0,0,309,304)"/>
                            </link>
                          </links>
                          <interactiveData>
                            <entry title="">
                              <area shape="0" alt="" ID="{CD54A250-F3FB-4376-9F11-1A2CDBA646CE}" coords="(0,0,309,304)"/>
                              <events title=""/>
                            </entry>
                          </interactiveData>
                          <groupChildrenDescriptors>
                            <control controlID="CBB145BC-35DB-40F9-ABBA-F687D3108C69" controlTypeID="ScrollViewPort" isShow="True" caption="ScrollViewPort" x="0" y="0" w="300" h="300" measuredW="0" measuredH="0" zOrder="0" locked="False" sizeLocked="False">
                              <controlProperties>
                                <basic color="0" borderVisible="False" borderColor="4284900966" isAutoSize="False" status="MsEnabled" opacity="1" isCommentCom="False" canMove="False" alias="viewPort" rotation="0"/>
                                <states/>
                                <verticalScrollbarShow>False</verticalScrollbarShow>
                                <verticalScrollbarProgress>0</verticalScrollbarProgress>
                                <horizontalScrollbarShow>False</horizontalScrollbarShow>
                                <horizontalScrollbarProgress>0</horizontalScrollbarProgress>
                                <links eventType="AtClick" animate="AmNone" animateAutoDelay="0" animateDuration="500">
                                  <link targetPageID="0A20D4B0-0A13-4308-BF3E-915302A62789" linkType="ltIncludePage" isApplyIncludePage="True" title="%E9%93%BE%E6%8E%A5">
                                    <area shape="0" alt="" ID="{CA9BD018-3386-4C4F-B255-2FB231D9E322}" coords="(0,0,300,300)"/>
                                  </link>
                                </links>
                                <interactiveData>
                                  <entry title="">
                                    <area shape="0" alt="" ID="{3CD6FA21-7DC4-49B8-8BFA-529EAE3F43C7}" coords="(0,0,300,300)"/>
                                    <events title=""/>
                                  </entry>
                                </interactiveData>
                              </controlProperties>
                            </control>
                          </groupChildrenDescriptors>
                        </controlProperties>
                      </control>
                    </groupChildrenDescriptors>
                    <selectedIndex>0</selectedIndex>
                    <aniType>spaNone</aniType>
                    <playInterval>6000</playInterval>
                    <contentLayout>clAbsolute</contentLayout>
                    <canHoriScroll>False</canHoriScroll>
                    <canVertScroll>True</canVertScroll>
                    <showScrollBars>True</showScrollBars>
                  </controlProperties>
                </control>
              </groupChildrenDescriptors>
            </controlProperties>
          </control>
          <control controlID="2989A117-B78B-4EEB-A7EC-C07A7D3BCB8E" controlTypeID="Border" isShow="True" caption="Border" x="0" y="0" w="355" h="591" measuredW="0" measuredH="0" zOrder="1" locked="True" sizeLocked="False">
            <controlProperties>
              <basic color="4284900966" borderVisible="True" borderColor="4278190080" isAutoSize="False" status="MsEnabled" opacity="1" isCommentCom="False" canMove="True" alias="borderLayer" rotation="0"/>
              <states/>
              <verticalScrollbarShow>False</verticalScrollbarShow>
              <verticalScrollbarProgress>0</verticalScrollbarProgress>
              <horizontalScrollbarShow>False</horizontalScrollbarShow>
              <horizontalScrollbarProgress>0</horizontalScrollbarProgress>
              <links eventType="AtClick" animate="AmNone" animateAutoDelay="0" animateDuration="500">
                <link targetPageID="" linkType="ltPageLink" isApplyIncludePage="False" title="%E9%93%BE%E6%8E%A5">
                  <area shape="0" alt="" ID="{3EAC8B38-C7AC-4D09-95CE-04B4BDEAA532}" coords="(0,0,355,591)"/>
                </link>
              </links>
              <interactiveData>
                <entry title="">
                  <area shape="0" alt="" ID="{3AE1F413-64A4-4E41-BA10-1905144F03AB}" coords="(0,0,355,591)"/>
                  <events title=""/>
                </entry>
              </interactiveData>
              <thickness>1</thickness>
              <dashMode>SdSolid</dashMode>
            </controlProperties>
          </control>
        </groupChildrenDescriptors>
        <canHoriScroll>False</canHoriScroll>
        <canVertScroll>True</canVertScroll>
        <showScrollBars>True</showScrollBars>
      </controlProperties>
    </control>
  </controls>
  <param>
    <backgroundColor>4294967295</backgroundColor>
    <fontSize>0</fontSize>
    <fontFamily/>
    <guideLines/>
  </param>
</mockup>