﻿<mockup version="4.5" minAllowVersion="4.5" ID="C9AEC8B5-1712-4AF4-BF9E-FA10BBCF9132" platform="MtMobile" defaultW="375" defaultH="667" screenOrientation="MoPortrait" mobileScreenScale="1.77777779102325" measureW="375" measureH="667" clipArea="(0,0,0,0)">
  <controls controlCount="24">
    <control controlID="C3C526A4-8E8C-41A0-9817-E82C64FC88AF" controlTypeID="Line" isShow="True" caption="%E7%BA%BF%E6%AE%B5" x="0" y="60" w="374" h="1" measuredW="120" measuredH="120" zOrder="0" locked="False" sizeLocked="False">
      <controlProperties>
        <basic color="4284900966" borderVisible="True" borderColor="4284900966" isAutoSize="False" status="MsEnabled" opacity="1" isCommentCom="False" canMove="True" alias="" rotation="0"/>
        <states/>
        <verticalScrollbarShow>False</verticalScrollbarShow>
        <verticalScrollbarProgress>0</verticalScrollbarProgress>
        <horizontalScrollbarShow>False</horizontalScrollbarShow>
        <horizontalScrollbarProgress>0</horizontalScrollbarProgress>
        <links eventType="AtClick" animate="AmNone" animateAutoDelay="0" animateDuration="500">
          <link targetPageID="" linkType="ltPageLink" isApplyIncludePage="False" title="%E9%93%BE%E6%8E%A5">
            <area shape="0" alt="" ID="{D71C4B50-A9AB-4DAD-AAF9-266A8C9162BE}" coords="(0,0,374,1)"/>
          </link>
        </links>
        <interactiveData>
          <entry title="">
            <area shape="0" alt="" ID="{8F8C9C1C-9B7F-4D14-A793-44CE49B6D51D}" coords="(0,0,374,1)"/>
            <events title=""/>
          </entry>
        </interactiveData>
        <textSet textColor="4278190080" textSize="14" lineSpacingMultiple="1" textAlign="HaCenter" textVAlign="VaTop" textWordWrap="True" lineSpacing="18" textStyles="[]" useDefaultTextSize="True">
          <font family="%E5%BE%AE%E8%BD%AF%E9%9B%85%E9%BB%91" displayName="%E5%BE%AE%E8%BD%AF%E9%9B%85%E9%BB%91" postScript="" weightStyle="Regular" weight="400" isBold="False" isItalic="False"/>
        </textSet>
        <selectedIndex>-1</selectedIndex>
        <selectedColor>4282501083</selectedColor>
        <textPadding>0</textPadding>
        <controlPoint>(187,0)</controlPoint>
        <startPoint>(0,0)</startPoint>
        <endPoint>(374,0)</endPoint>
        <thickness>1</thickness>
        <dashMode>SdSolid</dashMode>
        <textBackgroundColor>4294967295</textBackgroundColor>
        <textBorderColor>4284900966</textBorderColor>
        <showStartArrow>0</showStartArrow>
        <showEndArrow>0</showEndArrow>
        <isCurved>True</isCurved>
        <isTextPosCenter>True</isTextPosCenter>
      </controlProperties>
    </control>
    <control controlID="1658E728-D8E9-4E41-919F-265D3B9C6665" controlTypeID="Label" isShow="True" caption="%E5%8D%95%E8%A1%8C%E6%96%87%E5%AD%97" x="139" y="24" w="98" h="19" measuredW="0" measuredH="0" zOrder="1" locked="False" sizeLocked="False">
      <controlProperties>
        <basic color="0" borderVisible="True" borderColor="4284900966" isAutoSize="True" status="MsEnabled" opacity="1" isCommentCom="False" canMove="True" alias="" rotation="0"/>
        <states/>
        <verticalScrollbarShow>False</verticalScrollbarShow>
        <verticalScrollbarProgress>0</verticalScrollbarProgress>
        <horizontalScrollbarShow>False</horizontalScrollbarShow>
        <horizontalScrollbarProgress>0</horizontalScrollbarProgress>
        <links eventType="AtClick" animate="AmNone" animateAutoDelay="0" animateDuration="500">
          <link targetPageID="" linkType="ltPageLink" isApplyIncludePage="False" title="%E9%93%BE%E6%8E%A5">
            <area shape="0" alt="" ID="{4F4DA76F-2A33-43BA-967C-B687C08EDA2E}" coords="(0,0,98,19)"/>
          </link>
        </links>
        <interactiveData>
          <entry title="">
            <area shape="0" alt="" ID="{1A454765-675B-452F-86BF-1843CEB2C470}" coords="(0,0,98,19)"/>
            <events title=""/>
          </entry>
        </interactiveData>
        <textSet textColor="4278190080" textSize="14" lineSpacingMultiple="1" textAlign="HaLeft" textVAlign="VaTop" textWordWrap="True" lineSpacing="18" textStyles="[]" useDefaultTextSize="True">
          <font family="%E5%BE%AE%E8%BD%AF%E9%9B%85%E9%BB%91" displayName="%E5%BE%AE%E8%BD%AF%E9%9B%85%E9%BB%91" postScript="" weightStyle="Regular" weight="400" isBold="False" isItalic="False"/>
          <text>%E5%88%9B%E5%BB%BA%E5%AD%90%E8%B4%A6%E6%88%B7%E4%BF%A1%E6%81%AF</text>
        </textSet>
        <selectedIndex>-1</selectedIndex>
        <selectedColor>4282501083</selectedColor>
        <textPadding>0</textPadding>
      </controlProperties>
    </control>
    <control controlID="5E045563-70C3-4882-ADFD-CBFDD636091D" controlTypeID="ScrollView" isShow="True" caption="%E6%BB%9A%E5%8A%A8%E5%8C%BA" x="15" y="77" w="345" h="531" measuredW="0" measuredH="0" zOrder="2" locked="False" sizeLocked="False">
      <controlProperties>
        <basic color="4294967295" borderVisible="True" borderColor="4284900966" isAutoSize="False" status="MsEnabled" opacity="1" isCommentCom="False" canMove="True" alias="" rotation="0"/>
        <states/>
        <verticalScrollbarShow>False</verticalScrollbarShow>
        <verticalScrollbarProgress>0</verticalScrollbarProgress>
        <horizontalScrollbarShow>False</horizontalScrollbarShow>
        <horizontalScrollbarProgress>0</horizontalScrollbarProgress>
        <links eventType="AtClick" animate="AmNone" animateAutoDelay="0" animateDuration="500">
          <link targetPageID="" linkType="ltPageLink" isApplyIncludePage="False" title="%E9%93%BE%E6%8E%A5">
            <area shape="0" alt="" ID="{420DAB2B-C799-4170-BC52-8A91C7536F58}" coords="(0,0,345,531)"/>
          </link>
        </links>
        <interactiveData>
          <entry title="">
            <area shape="0" alt="" ID="{66A00FB5-2ADF-4118-9BB7-536FB06BB2F1}" coords="(0,0,345,531)"/>
            <events title=""/>
          </entry>
        </interactiveData>
        <groupChildrenDescriptors>
          <control controlID="0FA1F6A9-DC39-4BCE-BD30-40E34319B726" controlTypeID="ScrollViewContentPanel" isShow="True" caption="%E6%BB%9A%E5%8A%A8%E5%8C%BA%E5%86%85%E5%AE%B9%E5%B1%82" x="0" y="0" w="345" h="531" measuredW="0" measuredH="0" zOrder="0" locked="True" sizeLocked="False">
            <controlProperties>
              <basic color="0" borderVisible="False" borderColor="4278190080" isAutoSize="False" status="MsEnabled" opacity="1" isCommentCom="False" canMove="True" alias="contentPanel" rotation="0"/>
              <states/>
              <verticalScrollbarShow>False</verticalScrollbarShow>
              <verticalScrollbarProgress>0</verticalScrollbarProgress>
              <horizontalScrollbarShow>False</horizontalScrollbarShow>
              <horizontalScrollbarProgress>0</horizontalScrollbarProgress>
              <links eventType="AtClick" animate="AmNone" animateAutoDelay="0" animateDuration="500">
                <link targetPageID="" linkType="ltPageLink" isApplyIncludePage="False" title="%E9%93%BE%E6%8E%A5">
                  <area shape="0" alt="" ID="{1C988585-1283-47C0-AA62-777E180BB1D1}" coords="(0,0,345,531)"/>
                </link>
              </links>
              <interactiveData>
                <entry title="">
                  <area shape="0" alt="" ID="{F5E9E36F-207F-4534-BA08-05EFB3FF2337}" coords="(0,0,345,531)"/>
                  <events title=""/>
                </entry>
              </interactiveData>
              <groupChildrenDescriptors>
                <control controlID="4E8D0A91-A12D-4B0D-A1DC-A5F3D26B9F71" controlTypeID="__group__" isShow="True" caption="%E7%BB%84" x="40" y="21" w="266" h="25" measuredW="0" measuredH="0" zOrder="0" locked="False" sizeLocked="False">
                  <controlProperties>
                    <basic color="4294967295" borderVisible="True" borderColor="4284900966" isAutoSize="False" status="MsEnabled" opacity="1" isCommentCom="False" canMove="True" alias="" rotation="0"/>
                    <states/>
                    <verticalScrollbarShow>False</verticalScrollbarShow>
                    <verticalScrollbarProgress>0</verticalScrollbarProgress>
                    <horizontalScrollbarShow>False</horizontalScrollbarShow>
                    <horizontalScrollbarProgress>0</horizontalScrollbarProgress>
                    <links eventType="AtClick" animate="AmNone" animateAutoDelay="0" animateDuration="500">
                      <link targetPageID="" linkType="ltPageLink" isApplyIncludePage="False" title="%E9%93%BE%E6%8E%A5">
                        <area shape="0" alt="" ID="{480CA48D-AC28-4842-AE9F-FCFF488959E2}" coords="(0,0,266,25)"/>
                      </link>
                    </links>
                    <interactiveData>
                      <entry title="">
                        <area shape="0" alt="" ID="{07074489-22DA-4F53-BA5F-10DA42D05393}" coords="(0,0,266,25)"/>
                        <events title=""/>
                      </entry>
                    </interactiveData>
                    <groupChildrenDescriptors>
                      <control controlID="E9555794-078B-4888-8F57-0921DA98112B" controlTypeID="Label" isShow="True" caption="%E5%8D%95%E8%A1%8C%E6%96%87%E5%AD%97" x="0" y="6" w="36" h="19" measuredW="0" measuredH="0" zOrder="0" locked="False" sizeLocked="False">
                        <controlProperties>
                          <basic color="0" borderVisible="True" borderColor="4284900966" isAutoSize="True" status="MsEnabled" opacity="1" isCommentCom="False" canMove="True" alias="" rotation="0"/>
                          <states/>
                          <verticalScrollbarShow>False</verticalScrollbarShow>
                          <verticalScrollbarProgress>0</verticalScrollbarProgress>
                          <horizontalScrollbarShow>False</horizontalScrollbarShow>
                          <horizontalScrollbarProgress>0</horizontalScrollbarProgress>
                          <links eventType="AtClick" animate="AmNone" animateAutoDelay="0" animateDuration="500">
                            <link targetPageID="" linkType="ltPageLink" isApplyIncludePage="False" title="%E9%93%BE%E6%8E%A5">
                              <area shape="0" alt="" ID="{283287B6-C8A6-46E3-9EF9-352E12BC455B}" coords="(0,0,36,19)"/>
                            </link>
                          </links>
                          <interactiveData>
                            <entry title="">
                              <area shape="0" alt="" ID="{4DB8AEB1-2EE5-4B6D-98C6-60FB2689A6E4}" coords="(0,0,36,19)"/>
                              <events title=""/>
                            </entry>
                          </interactiveData>
                          <textSet textColor="4278190080" textSize="14" lineSpacingMultiple="1" textAlign="HaLeft" textVAlign="VaTop" textWordWrap="True" lineSpacing="18" textStyles="[]" useDefaultTextSize="True">
                            <font family="%E5%BE%AE%E8%BD%AF%E9%9B%85%E9%BB%91" displayName="%E5%BE%AE%E8%BD%AF%E9%9B%85%E9%BB%91" postScript="" weightStyle="Regular" weight="400" isBold="False" isItalic="False"/>
                            <text>%E5%A7%93%E5%90%8D%EF%BC%9A</text>
                          </textSet>
                          <selectedIndex>-1</selectedIndex>
                          <selectedColor>4282501083</selectedColor>
                          <textPadding>0</textPadding>
                        </controlProperties>
                      </control>
                      <control controlID="AF8A19FD-58E6-4A79-A8EC-ECF636C40EEE" controlTypeID="__group__" isShow="True" caption="%E7%BB%84" x="46" y="0" w="220" h="25" measuredW="0" measuredH="0" zOrder="1" locked="False" sizeLocked="False">
                        <controlProperties>
                          <basic color="4294967295" borderVisible="True" borderColor="4284900966" isAutoSize="False" status="MsEnabled" opacity="1" isCommentCom="False" canMove="True" alias="" rotation="0"/>
                          <states/>
                          <verticalScrollbarShow>False</verticalScrollbarShow>
                          <verticalScrollbarProgress>0</verticalScrollbarProgress>
                          <horizontalScrollbarShow>False</horizontalScrollbarShow>
                          <horizontalScrollbarProgress>0</horizontalScrollbarProgress>
                          <links eventType="AtClick" animate="AmNone" animateAutoDelay="0" animateDuration="500">
                            <link targetPageID="" linkType="ltPageLink" isApplyIncludePage="False" title="%E9%93%BE%E6%8E%A5">
                              <area shape="0" alt="" ID="{E31D1289-F586-4DA8-9D82-A2A2F0F1C516}" coords="(0,0,220,25)"/>
                            </link>
                          </links>
                          <interactiveData>
                            <entry title="">
                              <area shape="0" alt="" ID="{01DFCECD-8E3B-4D2C-AF75-92488E3E1F84}" coords="(0,0,220,25)"/>
                              <events title=""/>
                            </entry>
                          </interactiveData>
                          <groupChildrenDescriptors>
                            <control controlID="62EB5427-C77F-499B-BEC8-DE1BA79F2D9A" controlTypeID="Line" isShow="True" caption="%E7%BA%BF%E6%AE%B5" x="0" y="24" w="220" h="1" measuredW="120" measuredH="120" zOrder="0" locked="False" sizeLocked="False">
                              <controlProperties>
                                <basic color="4284900966" borderVisible="True" borderColor="4284900966" isAutoSize="False" status="MsEnabled" opacity="1" isCommentCom="False" canMove="True" alias="" rotation="0"/>
                                <states/>
                                <verticalScrollbarShow>False</verticalScrollbarShow>
                                <verticalScrollbarProgress>0</verticalScrollbarProgress>
                                <horizontalScrollbarShow>False</horizontalScrollbarShow>
                                <horizontalScrollbarProgress>0</horizontalScrollbarProgress>
                                <links eventType="AtClick" animate="AmNone" animateAutoDelay="0" animateDuration="500">
                                  <link targetPageID="" linkType="ltPageLink" isApplyIncludePage="False" title="%E9%93%BE%E6%8E%A5">
                                    <area shape="0" alt="" ID="{4B439DC0-4D10-4FD2-B696-36CDA59A0C2F}" coords="(0,0,220,1)"/>
                                  </link>
                                </links>
                                <interactiveData>
                                  <entry title="">
                                    <area shape="0" alt="" ID="{D998788F-6841-451B-838C-B9B9F57FDDE0}" coords="(0,0,220,1)"/>
                                    <events title=""/>
                                  </entry>
                                </interactiveData>
                                <textSet textColor="4278190080" textSize="14" lineSpacingMultiple="1" textAlign="HaCenter" textVAlign="VaTop" textWordWrap="True" lineSpacing="18" textStyles="[]" useDefaultTextSize="True">
                                  <font family="%E5%BE%AE%E8%BD%AF%E9%9B%85%E9%BB%91" displayName="%E5%BE%AE%E8%BD%AF%E9%9B%85%E9%BB%91" postScript="" weightStyle="Regular" weight="400" isBold="False" isItalic="False"/>
                                </textSet>
                                <selectedIndex>-1</selectedIndex>
                                <selectedColor>4282501083</selectedColor>
                                <textPadding>0</textPadding>
                                <controlPoint>(110,0)</controlPoint>
                                <startPoint>(0,0)</startPoint>
                                <endPoint>(220,0)</endPoint>
                                <thickness>1</thickness>
                                <dashMode>SdSolid</dashMode>
                                <textBackgroundColor>4294967295</textBackgroundColor>
                                <textBorderColor>4284900966</textBorderColor>
                                <showStartArrow>0</showStartArrow>
                                <showEndArrow>0</showEndArrow>
                                <isCurved>True</isCurved>
                                <isTextPosCenter>True</isTextPosCenter>
                              </controlProperties>
                            </control>
                            <control controlID="E0108014-CD99-49D6-BBC4-BDB16E85352A" controlTypeID="Label" isShow="True" caption="%E5%8D%95%E8%A1%8C%E6%96%87%E5%AD%97" x="6" y="0" w="28" h="19" measuredW="0" measuredH="0" zOrder="1" locked="False" sizeLocked="False">
                              <controlProperties>
                                <basic color="0" borderVisible="True" borderColor="4284900966" isAutoSize="True" status="MsEnabled" opacity="1" isCommentCom="False" canMove="True" alias="" rotation="0"/>
                                <states/>
                                <verticalScrollbarShow>False</verticalScrollbarShow>
                                <verticalScrollbarProgress>0</verticalScrollbarProgress>
                                <horizontalScrollbarShow>False</horizontalScrollbarShow>
                                <horizontalScrollbarProgress>0</horizontalScrollbarProgress>
                                <links eventType="AtClick" animate="AmNone" animateAutoDelay="0" animateDuration="500">
                                  <link targetPageID="" linkType="ltPageLink" isApplyIncludePage="False" title="%E9%93%BE%E6%8E%A5">
                                    <area shape="0" alt="" ID="{CBC04A4C-88D4-4370-A7D5-69188BACEAE8}" coords="(0,0,28,19)"/>
                                  </link>
                                </links>
                                <interactiveData>
                                  <entry title="">
                                    <area shape="0" alt="" ID="{DC2F584E-75B0-4567-99C1-F9443408DA6E}" coords="(0,0,28,19)"/>
                                    <events title=""/>
                                  </entry>
                                </interactiveData>
                                <textSet textColor="4278190080" textSize="14" lineSpacingMultiple="1" textAlign="HaLeft" textVAlign="VaTop" textWordWrap="True" lineSpacing="18" textStyles="[]" useDefaultTextSize="True">
                                  <font family="%E5%BE%AE%E8%BD%AF%E9%9B%85%E9%BB%91" displayName="%E5%BE%AE%E8%BD%AF%E9%9B%85%E9%BB%91" postScript="" weightStyle="Regular" weight="400" isBold="False" isItalic="False"/>
                                  <text>%E5%BC%A0%E4%B8%89</text>
                                </textSet>
                                <selectedIndex>-1</selectedIndex>
                                <selectedColor>4282501083</selectedColor>
                                <textPadding>0</textPadding>
                              </controlProperties>
                            </control>
                          </groupChildrenDescriptors>
                        </controlProperties>
                      </control>
                    </groupChildrenDescriptors>
                  </controlProperties>
                </control>
                <control controlID="ED3166F4-3C46-4ECE-9C4D-C522CA5E3305" controlTypeID="__group__" isShow="True" caption="%E7%BB%84" x="40" y="69" w="266" h="25" measuredW="0" measuredH="0" zOrder="1" locked="False" sizeLocked="False">
                  <controlProperties>
                    <basic color="4294967295" borderVisible="True" borderColor="4284900966" isAutoSize="False" status="MsEnabled" opacity="1" isCommentCom="False" canMove="True" alias="" rotation="0"/>
                    <states/>
                    <verticalScrollbarShow>False</verticalScrollbarShow>
                    <verticalScrollbarProgress>0</verticalScrollbarProgress>
                    <horizontalScrollbarShow>False</horizontalScrollbarShow>
                    <horizontalScrollbarProgress>0</horizontalScrollbarProgress>
                    <links eventType="AtClick" animate="AmNone" animateAutoDelay="0" animateDuration="500">
                      <link targetPageID="" linkType="ltPageLink" isApplyIncludePage="False" title="%E9%93%BE%E6%8E%A5">
                        <area shape="0" alt="" ID="{480CA48D-AC28-4842-AE9F-FCFF488959E2}" coords="(0,0,266,25)"/>
                      </link>
                    </links>
                    <interactiveData>
                      <entry title="">
                        <area shape="0" alt="" ID="{07074489-22DA-4F53-BA5F-10DA42D05393}" coords="(0,0,266,25)"/>
                        <events title=""/>
                      </entry>
                    </interactiveData>
                    <groupChildrenDescriptors>
                      <control controlID="C2A8B10B-7DE7-4704-906A-E80842C3D9DA" controlTypeID="Label" isShow="True" caption="%E5%8D%95%E8%A1%8C%E6%96%87%E5%AD%97" x="0" y="6" w="50" h="19" measuredW="0" measuredH="0" zOrder="0" locked="False" sizeLocked="False">
                        <controlProperties>
                          <basic color="0" borderVisible="True" borderColor="4284900966" isAutoSize="True" status="MsEnabled" opacity="1" isCommentCom="False" canMove="True" alias="" rotation="0"/>
                          <states/>
                          <verticalScrollbarShow>False</verticalScrollbarShow>
                          <verticalScrollbarProgress>0</verticalScrollbarProgress>
                          <horizontalScrollbarShow>False</horizontalScrollbarShow>
                          <horizontalScrollbarProgress>0</horizontalScrollbarProgress>
                          <links eventType="AtClick" animate="AmNone" animateAutoDelay="0" animateDuration="500">
                            <link targetPageID="" linkType="ltPageLink" isApplyIncludePage="False" title="%E9%93%BE%E6%8E%A5">
                              <area shape="0" alt="" ID="{283287B6-C8A6-46E3-9EF9-352E12BC455B}" coords="(0,0,50,19)"/>
                            </link>
                          </links>
                          <interactiveData>
                            <entry title="">
                              <area shape="0" alt="" ID="{4DB8AEB1-2EE5-4B6D-98C6-60FB2689A6E4}" coords="(0,0,50,19)"/>
                              <events title=""/>
                            </entry>
                          </interactiveData>
                          <textSet textColor="4278190080" textSize="14" lineSpacingMultiple="1" textAlign="HaLeft" textVAlign="VaTop" textWordWrap="True" lineSpacing="18" textStyles="[]" useDefaultTextSize="True">
                            <font family="%E5%BE%AE%E8%BD%AF%E9%9B%85%E9%BB%91" displayName="%E5%BE%AE%E8%BD%AF%E9%9B%85%E9%BB%91" postScript="" weightStyle="Regular" weight="400" isBold="False" isItalic="False"/>
                            <text>%E5%88%86%E6%9C%BA%E5%8F%B7%EF%BC%9A</text>
                          </textSet>
                          <selectedIndex>-1</selectedIndex>
                          <selectedColor>4282501083</selectedColor>
                          <textPadding>0</textPadding>
                        </controlProperties>
                      </control>
                      <control controlID="98ECEEDA-7524-4967-AC55-5327892DCBC4" controlTypeID="__group__" isShow="True" caption="%E7%BB%84" x="46" y="0" w="220" h="25" measuredW="0" measuredH="0" zOrder="1" locked="False" sizeLocked="False">
                        <controlProperties>
                          <basic color="4294967295" borderVisible="True" borderColor="4284900966" isAutoSize="False" status="MsEnabled" opacity="1" isCommentCom="False" canMove="True" alias="" rotation="0"/>
                          <states/>
                          <verticalScrollbarShow>False</verticalScrollbarShow>
                          <verticalScrollbarProgress>0</verticalScrollbarProgress>
                          <horizontalScrollbarShow>False</horizontalScrollbarShow>
                          <horizontalScrollbarProgress>0</horizontalScrollbarProgress>
                          <links eventType="AtClick" animate="AmNone" animateAutoDelay="0" animateDuration="500">
                            <link targetPageID="" linkType="ltPageLink" isApplyIncludePage="False" title="%E9%93%BE%E6%8E%A5">
                              <area shape="0" alt="" ID="{E31D1289-F586-4DA8-9D82-A2A2F0F1C516}" coords="(0,0,220,25)"/>
                            </link>
                          </links>
                          <interactiveData>
                            <entry title="">
                              <area shape="0" alt="" ID="{01DFCECD-8E3B-4D2C-AF75-92488E3E1F84}" coords="(0,0,220,25)"/>
                              <events title=""/>
                            </entry>
                          </interactiveData>
                          <groupChildrenDescriptors>
                            <control controlID="51021B54-0E76-4E50-8865-8303EEE077B3" controlTypeID="Line" isShow="True" caption="%E7%BA%BF%E6%AE%B5" x="0" y="24" w="220" h="1" measuredW="120" measuredH="120" zOrder="0" locked="False" sizeLocked="False">
                              <controlProperties>
                                <basic color="4284900966" borderVisible="True" borderColor="4284900966" isAutoSize="False" status="MsEnabled" opacity="1" isCommentCom="False" canMove="True" alias="" rotation="0"/>
                                <states/>
                                <verticalScrollbarShow>False</verticalScrollbarShow>
                                <verticalScrollbarProgress>0</verticalScrollbarProgress>
                                <horizontalScrollbarShow>False</horizontalScrollbarShow>
                                <horizontalScrollbarProgress>0</horizontalScrollbarProgress>
                                <links eventType="AtClick" animate="AmNone" animateAutoDelay="0" animateDuration="500">
                                  <link targetPageID="" linkType="ltPageLink" isApplyIncludePage="False" title="%E9%93%BE%E6%8E%A5">
                                    <area shape="0" alt="" ID="{4B439DC0-4D10-4FD2-B696-36CDA59A0C2F}" coords="(0,0,220,1)"/>
                                  </link>
                                </links>
                                <interactiveData>
                                  <entry title="">
                                    <area shape="0" alt="" ID="{D998788F-6841-451B-838C-B9B9F57FDDE0}" coords="(0,0,220,1)"/>
                                    <events title=""/>
                                  </entry>
                                </interactiveData>
                                <textSet textColor="4278190080" textSize="14" lineSpacingMultiple="1" textAlign="HaCenter" textVAlign="VaTop" textWordWrap="True" lineSpacing="18" textStyles="[]" useDefaultTextSize="True">
                                  <font family="%E5%BE%AE%E8%BD%AF%E9%9B%85%E9%BB%91" displayName="%E5%BE%AE%E8%BD%AF%E9%9B%85%E9%BB%91" postScript="" weightStyle="Regular" weight="400" isBold="False" isItalic="False"/>
                                </textSet>
                                <selectedIndex>-1</selectedIndex>
                                <selectedColor>4282501083</selectedColor>
                                <textPadding>0</textPadding>
                                <controlPoint>(110,0)</controlPoint>
                                <startPoint>(0,0)</startPoint>
                                <endPoint>(220,0)</endPoint>
                                <thickness>1</thickness>
                                <dashMode>SdSolid</dashMode>
                                <textBackgroundColor>4294967295</textBackgroundColor>
                                <textBorderColor>4284900966</textBorderColor>
                                <showStartArrow>0</showStartArrow>
                                <showEndArrow>0</showEndArrow>
                                <isCurved>True</isCurved>
                                <isTextPosCenter>True</isTextPosCenter>
                              </controlProperties>
                            </control>
                            <control controlID="BB13AF58-B1C2-45F6-B6FD-A9AFB9E35ED7" controlTypeID="Label" isShow="True" caption="%E5%8D%95%E8%A1%8C%E6%96%87%E5%AD%97" x="6" y="0" w="40" h="19" measuredW="0" measuredH="0" zOrder="1" locked="False" sizeLocked="False">
                              <controlProperties>
                                <basic color="0" borderVisible="True" borderColor="4284900966" isAutoSize="True" status="MsEnabled" opacity="1" isCommentCom="False" canMove="True" alias="" rotation="0"/>
                                <states/>
                                <verticalScrollbarShow>False</verticalScrollbarShow>
                                <verticalScrollbarProgress>0</verticalScrollbarProgress>
                                <horizontalScrollbarShow>False</horizontalScrollbarShow>
                                <horizontalScrollbarProgress>0</horizontalScrollbarProgress>
                                <links eventType="AtClick" animate="AmNone" animateAutoDelay="0" animateDuration="500">
                                  <link targetPageID="" linkType="ltPageLink" isApplyIncludePage="False" title="%E9%93%BE%E6%8E%A5">
                                    <area shape="0" alt="" ID="{CBC04A4C-88D4-4370-A7D5-69188BACEAE8}" coords="(0,0,40,19)"/>
                                  </link>
                                </links>
                                <interactiveData>
                                  <entry title="">
                                    <area shape="0" alt="" ID="{DC2F584E-75B0-4567-99C1-F9443408DA6E}" coords="(0,0,40,19)"/>
                                    <events title=""/>
                                  </entry>
                                </interactiveData>
                                <textSet textColor="4278190080" textSize="14" lineSpacingMultiple="1" textAlign="HaLeft" textVAlign="VaTop" textWordWrap="True" lineSpacing="18" textStyles="[]" useDefaultTextSize="True">
                                  <font family="%E5%BE%AE%E8%BD%AF%E9%9B%85%E9%BB%91" displayName="%E5%BE%AE%E8%BD%AF%E9%9B%85%E9%BB%91" postScript="" weightStyle="Regular" weight="400" isBold="False" isItalic="False"/>
                                  <text>10010</text>
                                </textSet>
                                <selectedIndex>-1</selectedIndex>
                                <selectedColor>4282501083</selectedColor>
                                <textPadding>0</textPadding>
                              </controlProperties>
                            </control>
                          </groupChildrenDescriptors>
                        </controlProperties>
                      </control>
                    </groupChildrenDescriptors>
                  </controlProperties>
                </control>
                <control controlID="C3A17E97-5A58-4366-A728-885C353E096A" controlTypeID="__group__" isShow="True" caption="%E7%BB%84" x="40" y="116" w="266" h="25" measuredW="0" measuredH="0" zOrder="2" locked="False" sizeLocked="False">
                  <controlProperties>
                    <basic color="4294967295" borderVisible="True" borderColor="4284900966" isAutoSize="False" status="MsEnabled" opacity="1" isCommentCom="False" canMove="True" alias="" rotation="0"/>
                    <states/>
                    <verticalScrollbarShow>False</verticalScrollbarShow>
                    <verticalScrollbarProgress>0</verticalScrollbarProgress>
                    <horizontalScrollbarShow>False</horizontalScrollbarShow>
                    <horizontalScrollbarProgress>0</horizontalScrollbarProgress>
                    <links eventType="AtClick" animate="AmNone" animateAutoDelay="0" animateDuration="500">
                      <link targetPageID="" linkType="ltPageLink" isApplyIncludePage="False" title="%E9%93%BE%E6%8E%A5">
                        <area shape="0" alt="" ID="{480CA48D-AC28-4842-AE9F-FCFF488959E2}" coords="(0,0,266,25)"/>
                      </link>
                    </links>
                    <interactiveData>
                      <entry title="">
                        <area shape="0" alt="" ID="{07074489-22DA-4F53-BA5F-10DA42D05393}" coords="(0,0,266,25)"/>
                        <events title=""/>
                      </entry>
                    </interactiveData>
                    <groupChildrenDescriptors>
                      <control controlID="4D3A3231-0722-4191-8DE2-9F50F6889D90" controlTypeID="Label" isShow="True" caption="%E5%8D%95%E8%A1%8C%E6%96%87%E5%AD%97" x="0" y="6" w="50" h="19" measuredW="0" measuredH="0" zOrder="0" locked="False" sizeLocked="False">
                        <controlProperties>
                          <basic color="0" borderVisible="True" borderColor="4284900966" isAutoSize="True" status="MsEnabled" opacity="1" isCommentCom="False" canMove="True" alias="" rotation="0"/>
                          <states/>
                          <verticalScrollbarShow>False</verticalScrollbarShow>
                          <verticalScrollbarProgress>0</verticalScrollbarProgress>
                          <horizontalScrollbarShow>False</horizontalScrollbarShow>
                          <horizontalScrollbarProgress>0</horizontalScrollbarProgress>
                          <links eventType="AtClick" animate="AmNone" animateAutoDelay="0" animateDuration="500">
                            <link targetPageID="" linkType="ltPageLink" isApplyIncludePage="False" title="%E9%93%BE%E6%8E%A5">
                              <area shape="0" alt="" ID="{283287B6-C8A6-46E3-9EF9-352E12BC455B}" coords="(0,0,50,19)"/>
                            </link>
                          </links>
                          <interactiveData>
                            <entry title="">
                              <area shape="0" alt="" ID="{4DB8AEB1-2EE5-4B6D-98C6-60FB2689A6E4}" coords="(0,0,50,19)"/>
                              <events title=""/>
                            </entry>
                          </interactiveData>
                          <textSet textColor="4278190080" textSize="14" lineSpacingMultiple="1" textAlign="HaLeft" textVAlign="VaTop" textWordWrap="True" lineSpacing="18" textStyles="[]" useDefaultTextSize="True">
                            <font family="%E5%BE%AE%E8%BD%AF%E9%9B%85%E9%BB%91" displayName="%E5%BE%AE%E8%BD%AF%E9%9B%85%E9%BB%91" postScript="" weightStyle="Regular" weight="400" isBold="False" isItalic="False"/>
                            <text>%E6%89%8B%E6%9C%BA%E5%8F%B7%EF%BC%9A</text>
                          </textSet>
                          <selectedIndex>-1</selectedIndex>
                          <selectedColor>4282501083</selectedColor>
                          <textPadding>0</textPadding>
                        </controlProperties>
                      </control>
                      <control controlID="586EBFA3-0240-4999-9B6C-ECBC145585D0" controlTypeID="__group__" isShow="True" caption="%E7%BB%84" x="46" y="0" w="220" h="25" measuredW="0" measuredH="0" zOrder="1" locked="False" sizeLocked="False">
                        <controlProperties>
                          <basic color="4294967295" borderVisible="True" borderColor="4284900966" isAutoSize="False" status="MsEnabled" opacity="1" isCommentCom="False" canMove="True" alias="" rotation="0"/>
                          <states/>
                          <verticalScrollbarShow>False</verticalScrollbarShow>
                          <verticalScrollbarProgress>0</verticalScrollbarProgress>
                          <horizontalScrollbarShow>False</horizontalScrollbarShow>
                          <horizontalScrollbarProgress>0</horizontalScrollbarProgress>
                          <links eventType="AtClick" animate="AmNone" animateAutoDelay="0" animateDuration="500">
                            <link targetPageID="" linkType="ltPageLink" isApplyIncludePage="False" title="%E9%93%BE%E6%8E%A5">
                              <area shape="0" alt="" ID="{E31D1289-F586-4DA8-9D82-A2A2F0F1C516}" coords="(0,0,220,25)"/>
                            </link>
                          </links>
                          <interactiveData>
                            <entry title="">
                              <area shape="0" alt="" ID="{01DFCECD-8E3B-4D2C-AF75-92488E3E1F84}" coords="(0,0,220,25)"/>
                              <events title=""/>
                            </entry>
                          </interactiveData>
                          <groupChildrenDescriptors>
                            <control controlID="4C061F2F-DFB0-455D-9CAF-64BA0A0EE698" controlTypeID="Line" isShow="True" caption="%E7%BA%BF%E6%AE%B5" x="0" y="24" w="220" h="1" measuredW="120" measuredH="120" zOrder="0" locked="False" sizeLocked="False">
                              <controlProperties>
                                <basic color="4284900966" borderVisible="True" borderColor="4284900966" isAutoSize="False" status="MsEnabled" opacity="1" isCommentCom="False" canMove="True" alias="" rotation="0"/>
                                <states/>
                                <verticalScrollbarShow>False</verticalScrollbarShow>
                                <verticalScrollbarProgress>0</verticalScrollbarProgress>
                                <horizontalScrollbarShow>False</horizontalScrollbarShow>
                                <horizontalScrollbarProgress>0</horizontalScrollbarProgress>
                                <links eventType="AtClick" animate="AmNone" animateAutoDelay="0" animateDuration="500">
                                  <link targetPageID="" linkType="ltPageLink" isApplyIncludePage="False" title="%E9%93%BE%E6%8E%A5">
                                    <area shape="0" alt="" ID="{4B439DC0-4D10-4FD2-B696-36CDA59A0C2F}" coords="(0,0,220,1)"/>
                                  </link>
                                </links>
                                <interactiveData>
                                  <entry title="">
                                    <area shape="0" alt="" ID="{D998788F-6841-451B-838C-B9B9F57FDDE0}" coords="(0,0,220,1)"/>
                                    <events title=""/>
                                  </entry>
                                </interactiveData>
                                <textSet textColor="4278190080" textSize="14" lineSpacingMultiple="1" textAlign="HaCenter" textVAlign="VaTop" textWordWrap="True" lineSpacing="18" textStyles="[]" useDefaultTextSize="True">
                                  <font family="%E5%BE%AE%E8%BD%AF%E9%9B%85%E9%BB%91" displayName="%E5%BE%AE%E8%BD%AF%E9%9B%85%E9%BB%91" postScript="" weightStyle="Regular" weight="400" isBold="False" isItalic="False"/>
                                </textSet>
                                <selectedIndex>-1</selectedIndex>
                                <selectedColor>4282501083</selectedColor>
                                <textPadding>0</textPadding>
                                <controlPoint>(110,0)</controlPoint>
                                <startPoint>(0,0)</startPoint>
                                <endPoint>(220,0)</endPoint>
                                <thickness>1</thickness>
                                <dashMode>SdSolid</dashMode>
                                <textBackgroundColor>4294967295</textBackgroundColor>
                                <textBorderColor>4284900966</textBorderColor>
                                <showStartArrow>0</showStartArrow>
                                <showEndArrow>0</showEndArrow>
                                <isCurved>True</isCurved>
                                <isTextPosCenter>True</isTextPosCenter>
                              </controlProperties>
                            </control>
                            <control controlID="D9067099-3EBD-46B2-BCB9-0D9E7C3921A4" controlTypeID="Label" isShow="True" caption="%E5%8D%95%E8%A1%8C%E6%96%87%E5%AD%97" x="6" y="0" w="90" h="19" measuredW="0" measuredH="0" zOrder="1" locked="False" sizeLocked="False">
                              <controlProperties>
                                <basic color="0" borderVisible="True" borderColor="4284900966" isAutoSize="True" status="MsEnabled" opacity="1" isCommentCom="False" canMove="True" alias="" rotation="0"/>
                                <states/>
                                <verticalScrollbarShow>False</verticalScrollbarShow>
                                <verticalScrollbarProgress>0</verticalScrollbarProgress>
                                <horizontalScrollbarShow>False</horizontalScrollbarShow>
                                <horizontalScrollbarProgress>0</horizontalScrollbarProgress>
                                <links eventType="AtClick" animate="AmNone" animateAutoDelay="0" animateDuration="500">
                                  <link targetPageID="" linkType="ltPageLink" isApplyIncludePage="False" title="%E9%93%BE%E6%8E%A5">
                                    <area shape="0" alt="" ID="{CBC04A4C-88D4-4370-A7D5-69188BACEAE8}" coords="(0,0,90,19)"/>
                                  </link>
                                </links>
                                <interactiveData>
                                  <entry title="">
                                    <area shape="0" alt="" ID="{DC2F584E-75B0-4567-99C1-F9443408DA6E}" coords="(0,0,90,19)"/>
                                    <events title=""/>
                                  </entry>
                                </interactiveData>
                                <textSet textColor="4278190080" textSize="14" lineSpacingMultiple="1" textAlign="HaLeft" textVAlign="VaTop" textWordWrap="True" lineSpacing="18" textStyles="[]" useDefaultTextSize="True">
                                  <font family="%E5%BE%AE%E8%BD%AF%E9%9B%85%E9%BB%91" displayName="%E5%BE%AE%E8%BD%AF%E9%9B%85%E9%BB%91" postScript="" weightStyle="Regular" weight="400" isBold="False" isItalic="False"/>
                                  <text>13001980519</text>
                                </textSet>
                                <selectedIndex>-1</selectedIndex>
                                <selectedColor>4282501083</selectedColor>
                                <textPadding>0</textPadding>
                              </controlProperties>
                            </control>
                          </groupChildrenDescriptors>
                        </controlProperties>
                      </control>
                    </groupChildrenDescriptors>
                  </controlProperties>
                </control>
                <control controlID="2C4873C4-FCD7-49F3-966C-CCE496206E6A" controlTypeID="CheckBox" isShow="True" caption="%E5%A4%8D%E9%80%89%E6%A1%86" x="40" y="161" w="120" h="36" measuredW="91" measuredH="36" zOrder="3" locked="False" sizeLocked="False">
                  <controlProperties>
                    <basic color="4294967295" borderVisible="True" borderColor="4284900966" isAutoSize="False" status="MsEnabled" opacity="1" isCommentCom="False" canMove="True" alias="" rotation="0"/>
                    <states/>
                    <verticalScrollbarShow>False</verticalScrollbarShow>
                    <verticalScrollbarProgress>0</verticalScrollbarProgress>
                    <horizontalScrollbarShow>False</horizontalScrollbarShow>
                    <horizontalScrollbarProgress>0</horizontalScrollbarProgress>
                    <links eventType="AtClick" animate="AmNone" animateAutoDelay="0" animateDuration="500">
                      <link targetPageID="" linkType="ltPageLink" isApplyIncludePage="False" title="%E9%93%BE%E6%8E%A5">
                        <area shape="0" alt="" ID="{7E5E97BB-4A87-45A9-B60E-21AEDD506EEB}" coords="(0,0,120,36)"/>
                      </link>
                    </links>
                    <interactiveData>
                      <entry title="">
                        <area shape="0" alt="" ID="{D9036FEE-EA3B-42E1-81EB-A741A590A4EA}" coords="(0,0,120,36)"/>
                        <events title=""/>
                      </entry>
                    </interactiveData>
                    <textSet textColor="4278190080" textSize="14" lineSpacingMultiple="1" textAlign="HaLeft" textVAlign="VaTop" textWordWrap="True" lineSpacing="18" textStyles="[]" useDefaultTextSize="True">
                      <font family="%E5%BE%AE%E8%BD%AF%E9%9B%85%E9%BB%91" displayName="%E5%BE%AE%E8%BD%AF%E9%9B%85%E9%BB%91" postScript="" weightStyle="Regular" weight="400" isBold="False" isItalic="False"/>
                      <text>%E6%98%AF%E5%90%A6%E7%AE%A1%E7%90%86%E5%91%98</text>
                    </textSet>
                    <selectedIndex>-1</selectedIndex>
                    <selectedColor>4282501083</selectedColor>
                    <textPadding>0</textPadding>
                    <state>MfSelected</state>
                    <textDirection>tdRight</textDirection>
                    <gap>5</gap>
                    <size>15</size>
                  </controlProperties>
                </control>
                <control controlID="8FB94265-883B-45F5-BE3D-9C4386B7AF78" controlTypeID="Shape" isShow="True" caption="%E5%BD%A2%E7%8A%B6" x="40" y="212" w="266" h="34" measuredW="120" measuredH="100" zOrder="4" locked="False" sizeLocked="False">
                  <controlProperties>
                    <basic color="4294967295" borderVisible="True" borderColor="4284900966" isAutoSize="False" status="MsEnabled" opacity="1" isCommentCom="False" canMove="True" alias="" rotation="0"/>
                    <states/>
                    <verticalScrollbarShow>False</verticalScrollbarShow>
                    <verticalScrollbarProgress>0</verticalScrollbarProgress>
                    <horizontalScrollbarShow>False</horizontalScrollbarShow>
                    <horizontalScrollbarProgress>0</horizontalScrollbarProgress>
                    <links eventType="AtClick" animate="AmNone" animateAutoDelay="0" animateDuration="500">
                      <link targetPageID="A6315F8D-A91F-4E03-9E69-407595289263" linkType="ltPageLink" isApplyIncludePage="False" title="%E5%88%9B%E5%BB%BA%E6%88%90%E5%8A%9F__%E8%B7%B3%E8%BD%AC%E7%95%8C%E9%9D%A2">
                        <area shape="0" alt="" ID="{A955DD7A-0C20-4C02-BE22-634F656446AA}" coords="(0,0,266,34)"/>
                      </link>
                    </links>
                    <interactiveData>
                      <entry title="">
                        <area shape="0" alt="" ID="{E6EC74BD-1093-4DF6-9AB3-81260AAE5E63}" coords="(0,0,266,34)"/>
                        <events title=""/>
                      </entry>
                    </interactiveData>
                    <textSet textColor="4278190080" textSize="14" lineSpacingMultiple="1" textAlign="HaCenter" textVAlign="VaMiddle" textWordWrap="True" lineSpacing="18" textStyles="[]" useDefaultTextSize="True">
                      <font family="%E5%BE%AE%E8%BD%AF%E9%9B%85%E9%BB%91" displayName="%E5%BE%AE%E8%BD%AF%E9%9B%85%E9%BB%91" postScript="" weightStyle="Regular" weight="400" isBold="False" isItalic="False"/>
                      <text>%E5%88%9B%E5%BB%BA</text>
                    </textSet>
                    <selectedIndex>-1</selectedIndex>
                    <selectedColor>4282501083</selectedColor>
                    <textPadding>0</textPadding>
                    <shapeBorderType>SbRectangle</shapeBorderType>
                    <triangleType>TdZero</triangleType>
                    <dashMode>SdSolid</dashMode>
                    <rectangleBorderLeftVisible>True</rectangleBorderLeftVisible>
                    <rectangleBorderRightVisible>True</rectangleBorderRightVisible>
                    <rectangleBorderTopVisible>True</rectangleBorderTopVisible>
                    <rectangleBorderBottomVisible>True</rectangleBorderBottomVisible>
                    <radius>5</radius>
                    <radiusIsPercent>False</radiusIsPercent>
                    <thickness>1</thickness>
                  </controlProperties>
                </control>
              </groupChildrenDescriptors>
            </controlProperties>
          </control>
          <control controlID="1CF4E160-62D4-42DF-B803-2809207D5492" controlTypeID="Border" isShow="True" caption="Border" x="0" y="0" w="345" h="531" measuredW="0" measuredH="0" zOrder="1" locked="True" sizeLocked="False">
            <controlProperties>
              <basic color="4284900966" borderVisible="True" borderColor="4278190080" isAutoSize="False" status="MsEnabled" opacity="1" isCommentCom="False" canMove="True" alias="borderLayer" rotation="0"/>
              <states/>
              <verticalScrollbarShow>False</verticalScrollbarShow>
              <verticalScrollbarProgress>0</verticalScrollbarProgress>
              <horizontalScrollbarShow>False</horizontalScrollbarShow>
              <horizontalScrollbarProgress>0</horizontalScrollbarProgress>
              <links eventType="AtClick" animate="AmNone" animateAutoDelay="0" animateDuration="500">
                <link targetPageID="" linkType="ltPageLink" isApplyIncludePage="False" title="%E9%93%BE%E6%8E%A5">
                  <area shape="0" alt="" ID="{C576E4C6-598C-4E13-B739-C59E7CAC380A}" coords="(0,0,345,531)"/>
                </link>
              </links>
              <interactiveData>
                <entry title="">
                  <area shape="0" alt="" ID="{49B67330-5BA0-4C73-AB62-70FC57F88E59}" coords="(0,0,345,531)"/>
                  <events title=""/>
                </entry>
              </interactiveData>
              <thickness>1</thickness>
              <dashMode>SdSolid</dashMode>
            </controlProperties>
          </control>
        </groupChildrenDescriptors>
        <canHoriScroll>False</canHoriScroll>
        <canVertScroll>True</canVertScroll>
        <showScrollBars>True</showScrollBars>
      </controlProperties>
    </control>
    <control controlID="FD916293-FD71-4769-96E7-770E5C80AE4C" controlTypeID="Icon" isShow="True" caption="%E5%9B%BE%E6%A0%87" x="15" y="28" w="15" h="15" measuredW="32" measuredH="32" zOrder="3" locked="False" sizeLocked="False">
      <controlProperties>
        <basic color="4284900966" borderVisible="True" borderColor="4284900966" isAutoSize="False" status="MsEnabled" opacity="1" isCommentCom="False" canMove="True" alias="" rotation="0"/>
        <states/>
        <verticalScrollbarShow>False</verticalScrollbarShow>
        <verticalScrollbarProgress>0</verticalScrollbarProgress>
        <horizontalScrollbarShow>False</horizontalScrollbarShow>
        <horizontalScrollbarProgress>0</horizontalScrollbarProgress>
        <links eventType="AtClick" animate="AmNone" animateAutoDelay="0" animateDuration="500">
          <link targetPageID="4D6A6518-B9EB-48F2-B95A-153C42A08A68" linkType="ltPageLink" isApplyIncludePage="False" title="%E4%B8%BB%E8%B4%A6%E6%88%B7%E7%AE%A1%E7%90%86%E6%A8%A1%E5%9D%97">
            <area shape="0" alt="" ID="{A8F47A00-BA06-4E0D-83CA-DF54E34D6264}" coords="(0,0,15,15)"/>
          </link>
        </links>
        <interactiveData>
          <entry title="">
            <area shape="0" alt="" ID="{E8FD2DFC-AACE-4B39-A172-81F8985AF00C}" coords="(0,0,15,15)"/>
            <events title=""/>
          </entry>
        </interactiveData>
        <rotationAngle>TdZero</rotationAngle>
        <icon>
          <ID/>
          <iconFontName>jdIonicons</iconFontName>
          <iconCode>62154</iconCode>
        </icon>
        <URL>D95E480717200F895E41DB6E5B869596.svg</URL>
        <FlipHorizontal>False</FlipHorizontal>
        <FlipVertical>False</FlipVertical>
      </controlProperties>
    </control>
    <control controlID="66BB97E7-FB47-4D1C-B9CA-0DBF790F02CD" controlTypeID="Icon" isShow="True" caption="%E5%9B%BE%E6%A0%87" x="345" y="28" w="15" h="15" measuredW="32" measuredH="32" zOrder="4" locked="False" sizeLocked="False">
      <controlProperties>
        <basic color="4284900966" borderVisible="True" borderColor="4284900966" isAutoSize="False" status="MsEnabled" opacity="1" isCommentCom="False" canMove="True" alias="" rotation="0"/>
        <states/>
        <verticalScrollbarShow>False</verticalScrollbarShow>
        <verticalScrollbarProgress>0</verticalScrollbarProgress>
        <horizontalScrollbarShow>False</horizontalScrollbarShow>
        <horizontalScrollbarProgress>0</horizontalScrollbarProgress>
        <links eventType="AtClick" animate="AmNone" animateAutoDelay="0" animateDuration="500">
          <link targetPageID="A6788ECF-1E7D-4F85-A50B-3C9A2EC8955F" linkType="ltPageLink" isApplyIncludePage="False" title="%E8%8E%B7%E5%8F%96%E4%B8%BB%E8%B4%A6%E6%88%B7%E4%BF%A1%E6%81%AF_%E6%9B%B4%E5%A4%9A">
            <area shape="0" alt="" ID="{0558AE48-1F72-4C20-AA3E-1D10545B3471}" coords="(0,0,15,15)"/>
          </link>
        </links>
        <interactiveData>
          <entry title="">
            <area shape="0" alt="" ID="{84732415-CC05-4707-A1D0-66F49DB8F344}" coords="(0,0,15,15)"/>
            <events title=""/>
          </entry>
        </interactiveData>
        <rotationAngle>TdZero</rotationAngle>
        <icon>
          <ID/>
          <iconFontName>jdIonicons</iconFontName>
          <iconCode>62359</iconCode>
        </icon>
        <URL>92A37C37F1C55861F795B008D0D7225E.svg</URL>
        <FlipHorizontal>False</FlipHorizontal>
        <FlipVertical>False</FlipVertical>
      </controlProperties>
    </control>
  </controls>
  <param>
    <backgroundColor>4294967295</backgroundColor>
    <fontSize>0</fontSize>
    <fontFamily/>
    <guideLines/>
  </param>
</mockup>