﻿<mockup version="4.5" minAllowVersion="4.5" ID="17BE9AAB-6D75-4D8A-B6FA-4B19BE85E3FE" platform="MtMobile" defaultW="375" defaultH="667" screenOrientation="MoPortrait" mobileScreenScale="1.77777779102325" measureW="375" measureH="667">
  <controls controlCount="1">
    <control controlID="0699F084-830E-4792-A68D-11AEF37AF378" controlTypeID="TextArea" isShow="True" caption="%E5%A4%9A%E8%A1%8C%E6%96%87%E5%AD%97" x="20" y="10" w="345" h="385" measuredW="0" measuredH="126" zOrder="0" locked="False" sizeLocked="False">
      <controlProperties>
        <basic color="16777215" borderVisible="False" borderColor="4284900966" isAutoSize="False" status="MsEnabled" opacity="1" isCommentCom="False" canMove="True" alias="" rotation="0"/>
        <states/>
        <verticalScrollbarShow>False</verticalScrollbarShow>
        <verticalScrollbarProgress>0</verticalScrollbarProgress>
        <horizontalScrollbarShow>False</horizontalScrollbarShow>
        <horizontalScrollbarProgress>0</horizontalScrollbarProgress>
        <links eventType="AtClick" animate="AmNone" animateAutoDelay="0" animateDuration="500">
          <link targetPageID="" linkType="ltPageLink" isApplyIncludePage="False" title="%E9%93%BE%E6%8E%A5">
            <area shape="0" alt="" ID="{C09D1C05-AD7D-471A-BDFF-7F3064A878B3}" coords="(0,0,345,385)"/>
          </link>
        </links>
        <interactiveData>
          <entry title="">
            <area shape="0" alt="" ID="{3828C342-D7F0-477C-99AB-1246E905B0DF}" coords="(0,0,345,385)"/>
            <events title=""/>
          </entry>
        </interactiveData>
        <textSet textColor="4278190080" textSize="14" lineSpacingMultiple="1" textAlign="HaLeft" textVAlign="VaTop" textWordWrap="True" lineSpacing="18" textStyles="[]" useDefaultTextSize="True">
          <font family="%E5%BE%AE%E8%BD%AF%E9%9B%85%E9%BB%91" displayName="%E5%BE%AE%E8%BD%AF%E9%9B%85%E9%BB%91" postScript="" weightStyle="Regular" weight="400" isBold="False" isItalic="False"/>
          <text>%3C%3Fxml+version%3D%221.0%22+encoding%3D%22UTF-8%22%3F%3E%0D%0A%3CcallBack%3E%0D%0A++++%3CappId%3Eb23abb6d451346efa13370172d1921ef%3C%2FappId%3E%0D%0A++++%3Cfrom%3E13801289896%3C%2Ffrom%3E%0D%0A++++%3Cto%3E15689089874%2C15689089874%2C15689089874%2C15689089874%2C15689089874%2C15689089874%2C15689089874%2C15689089874%2C15689089874%2C15689089874%2C15689089874%3C%2Fto%3E%0D%0A++++%3CuserData%3E12345678%3C%2FuserData%3E%0D%0A%3C%2FcallBack%3E</text>
        </textSet>
        <selectedIndex>-1</selectedIndex>
        <selectedColor>4282501083</selectedColor>
        <textPadding>0</textPadding>
      </controlProperties>
    </control>
  </controls>
  <param>
    <backgroundColor>4294967295</backgroundColor>
    <fontSize>0</fontSize>
    <fontFamily/>
    <guideLines/>
  </param>
</mockup>