﻿<LinkSources version="1.02">
  <page ID="21ED6516-1472-4593-8B56-EA5ECA152527">
    <linkSource sourcePageID="4D6A6518-B9EB-48F2-B95A-153C42A08A68" comID="AA14C492-7366-4156-B900-248DE61277C8" comLinkType="cltPageLink"/>
    <linkSource sourcePageID="09516AA0-253B-49BC-909A-0136CAF3A982" comID="48C6886F-5F60-476B-830F-AE52A55317AD" comLinkType="cltPageLink"/>
    <linkSource sourcePageID="09516AA0-253B-49BC-909A-0136CAF3A982" comID="F75BB360-F9D2-4ED6-8DF4-8CD84E2DCF2E" comLinkType="cltPageLink"/>
    <linkSource sourcePageID="09516AA0-253B-49BC-909A-0136CAF3A982" comID="72D80D7D-2679-4D5B-BB01-4A83E1C5727D" comLinkType="cltPageLink"/>
    <linkSource sourcePageID="6D49D621-E736-4297-8F79-371A9BEC2287" comID="48C6886F-5F60-476B-830F-AE52A55317AD" comLinkType="cltPageLink"/>
    <linkSource sourcePageID="6D49D621-E736-4297-8F79-371A9BEC2287" comID="AA14C492-7366-4156-B900-248DE61277C8" comLinkType="cltPageLink"/>
    <linkSource sourcePageID="82B3B07B-C125-44ED-A447-804558CDE1CF" comID="DF3676A1-907E-4543-B20E-407EA5585655" comLinkType="cltPageLink"/>
    <linkSource sourcePageID="750B7FC6-1AC9-4062-AFEA-88B81CBFBCE0" comID="10EB98D2-1D46-4665-BC54-6FA97D3B91D6" comLinkType="cltPageLink"/>
    <linkSource sourcePageID="8E5CFF2C-0C78-4914-81B9-F3B00755E27A" comID="10EB98D2-1D46-4665-BC54-6FA97D3B91D6" comLinkType="cltPageLink"/>
    <linkSource sourcePageID="A773AAD2-4C54-4C2D-8B9E-CA74E2594FC4" comID="2FF56DA7-4903-4111-BAC9-89E53131E34A" comLinkType="cltPageLink"/>
    <linkSource sourcePageID="A773AAD2-4C54-4C2D-8B9E-CA74E2594FC4" comID="376B0B61-8AAE-4176-BD0C-BFD47858EBB8" comLinkType="cltPageLink"/>
    <linkSource sourcePageID="40AD7544-24E6-4BC9-9DE5-EF59AA971DC8" comID="8566D395-AB3A-4DD7-B078-6F63A14A8D77" comLinkType="cltPageLink"/>
  </page>
  <page ID="A773AAD2-4C54-4C2D-8B9E-CA74E2594FC4">
    <linkSource sourcePageID="21ED6516-1472-4593-8B56-EA5ECA152527" comID="A346A7D2-4697-4434-BA1B-6B11E9D91CF9" comLinkType="cltPageLink"/>
    <linkSource sourcePageID="06967686-4204-4B93-9E75-0CD56929E424" comID="5CE7D07D-F5DF-4304-86A5-B24D2450A163" comLinkType="cltPageLink"/>
    <linkSource sourcePageID="06967686-4204-4B93-9E75-0CD56929E424" comID="7A09D8C7-E30E-4A95-9EA3-8B140FEBFE41" comLinkType="cltPageLink"/>
    <linkSource sourcePageID="09516AA0-253B-49BC-909A-0136CAF3A982" comID="FB4F89B0-4A7A-4E61-8CB0-B12A6E286BCF" comLinkType="cltPageLink"/>
    <linkSource sourcePageID="4D6A6518-B9EB-48F2-B95A-153C42A08A68" comID="A6165B5E-459F-4EFD-B1B5-C10B915B907A" comLinkType="cltPageLink"/>
    <linkSource sourcePageID="40AD7544-24E6-4BC9-9DE5-EF59AA971DC8" comID="A346A7D2-4697-4434-BA1B-6B11E9D91CF9" comLinkType="cltPageLink"/>
  </page>
  <page ID="4D6A6518-B9EB-48F2-B95A-153C42A08A68">
    <linkSource sourcePageID="21ED6516-1472-4593-8B56-EA5ECA152527" comID="48C6886F-5F60-476B-830F-AE52A55317AD" comLinkType="cltPageLink"/>
    <linkSource sourcePageID="06967686-4204-4B93-9E75-0CD56929E424" comID="AA14C492-7366-4156-B900-248DE61277C8" comLinkType="cltPageLink"/>
    <linkSource sourcePageID="09516AA0-253B-49BC-909A-0136CAF3A982" comID="AA14C492-7366-4156-B900-248DE61277C8" comLinkType="cltPageLink"/>
    <linkSource sourcePageID="82B3B07B-C125-44ED-A447-804558CDE1CF" comID="FD916293-FD71-4769-96E7-770E5C80AE4C" comLinkType="cltPageLink"/>
    <linkSource sourcePageID="5804D014-2648-4690-906A-F1A59B4D116D" comID="FD916293-FD71-4769-96E7-770E5C80AE4C" comLinkType="cltPageLink"/>
    <linkSource sourcePageID="C9AEC8B5-1712-4AF4-BF9E-FA10BBCF9132" comID="FD916293-FD71-4769-96E7-770E5C80AE4C" comLinkType="cltPageLink"/>
    <linkSource sourcePageID="07AD0102-AE96-41FB-9C96-7206D8CBBCD1" comID="FD916293-FD71-4769-96E7-770E5C80AE4C" comLinkType="cltPageLink"/>
    <linkSource sourcePageID="3CEE5798-C189-45EF-B6F5-692201CB4019" comID="B0C6C459-F35E-4ABA-AF16-E54A55D502B0" comLinkType="cltPageLink"/>
    <linkSource sourcePageID="750B7FC6-1AC9-4062-AFEA-88B81CBFBCE0" comID="48C6886F-5F60-476B-830F-AE52A55317AD" comLinkType="cltPageLink"/>
    <linkSource sourcePageID="750B7FC6-1AC9-4062-AFEA-88B81CBFBCE0" comID="523FA47B-C790-4CC9-A75E-75B064FB13A7" comLinkType="cltPageLink"/>
    <linkSource sourcePageID="A773AAD2-4C54-4C2D-8B9E-CA74E2594FC4" comID="48C6886F-5F60-476B-830F-AE52A55317AD" comLinkType="cltPageLink"/>
    <linkSource sourcePageID="A6315F8D-A91F-4E03-9E69-407595289263" comID="9B59C385-C6DA-4BA5-A2BC-36F4A84BE056" comLinkType="cltPageLink"/>
    <linkSource sourcePageID="828198EC-4CE3-43FF-9828-4253383619BA" comID="FD916293-FD71-4769-96E7-770E5C80AE4C" comLinkType="cltPageLink"/>
    <linkSource sourcePageID="AD94F53D-12C8-46A5-B119-D3F777753995" comID="9B59C385-C6DA-4BA5-A2BC-36F4A84BE056" comLinkType="cltPageLink"/>
    <linkSource sourcePageID="95F579C2-B195-4EBB-82BA-610BC8694AC8" comID="FD916293-FD71-4769-96E7-770E5C80AE4C" comLinkType="cltPageLink"/>
    <linkSource sourcePageID="6D52BAF6-71A1-4B8D-81BD-41BABCF40F33" comID="C58EB1B8-85C9-4A21-96D1-A3A537D37129" comLinkType="cltPageLink"/>
    <linkSource sourcePageID="4445AAAE-F738-4E22-BC98-6E863D02B5F6" comID="C58EB1B8-85C9-4A21-96D1-A3A537D37129" comLinkType="cltPageLink"/>
    <linkSource sourcePageID="6280370B-5A04-4170-A2B1-287D8650F1EF" comID="2538CC33-384C-43C5-BF84-8289841EEDC8" comLinkType="cltPageLink"/>
    <linkSource sourcePageID="F6A1BA15-8922-4E6C-A5A3-87898133F42B" comID="2538CC33-384C-43C5-BF84-8289841EEDC8" comLinkType="cltPageLink"/>
    <linkSource sourcePageID="EE8358AC-C3EF-421A-8177-A1733DC3A159" comID="FD916293-FD71-4769-96E7-770E5C80AE4C" comLinkType="cltPageLink"/>
    <linkSource sourcePageID="95621954-504E-4939-A01A-932DC2482EFC" comID="FD916293-FD71-4769-96E7-770E5C80AE4C" comLinkType="cltPageLink"/>
    <linkSource sourcePageID="1BEDC142-A269-4689-86EE-DF70DDC57C07" comID="FB5E1B6E-9400-4937-83BC-F559F05E75BC" comLinkType="cltPageLink"/>
    <linkSource sourcePageID="1BEDC142-A269-4689-86EE-DF70DDC57C07" comID="186BCB9D-78A0-4B94-90A1-F195DB79DE8F" comLinkType="cltPageLink"/>
    <linkSource sourcePageID="7F66B943-EF02-432B-AD61-E2DD448B3682" comID="186BCB9D-78A0-4B94-90A1-F195DB79DE8F" comLinkType="cltPageLink"/>
  </page>
  <page ID="C9AEC8B5-1712-4AF4-BF9E-FA10BBCF9132">
    <linkSource sourcePageID="A6788ECF-1E7D-4F85-A50B-3C9A2EC8955F" comID="FD916293-FD71-4769-96E7-770E5C80AE4C" comLinkType="cltPageLink"/>
    <linkSource sourcePageID="39292FB3-68AB-4903-BEF1-241F957B1762" comID="FD916293-FD71-4769-96E7-770E5C80AE4C" comLinkType="cltPageLink"/>
    <linkSource sourcePageID="C6DF4E7C-D124-453D-8FF1-CCCEA5DBBB0D" comID="FD916293-FD71-4769-96E7-770E5C80AE4C" comLinkType="cltPageLink"/>
    <linkSource sourcePageID="4D6A6518-B9EB-48F2-B95A-153C42A08A68" comID="5F6BB07F-E3A4-4B46-944D-78621BDCF25E" comLinkType="cltPageLink"/>
    <linkSource sourcePageID="06967686-4204-4B93-9E75-0CD56929E424" comID="61714C3F-99AA-49BD-AB86-906797E46191" comLinkType="cltPageLink"/>
    <linkSource sourcePageID="4D6A6518-B9EB-48F2-B95A-153C42A08A68" comID="7806F515-DADB-4696-A0CB-C970343E26AF" comLinkType="cltPageLink"/>
    <linkSource sourcePageID="21ED6516-1472-4593-8B56-EA5ECA152527" comID="29820E3E-8328-41EA-BF41-F2A0EFC8B86E" comLinkType="cltPageLink"/>
    <linkSource sourcePageID="C6DF4E7C-D124-453D-8FF1-CCCEA5DBBB0D" comID="61F7DBD7-7254-49F1-A5B5-D48F9D0C5EFB" comLinkType="cltPageLink"/>
    <linkSource sourcePageID="F659CA57-2B47-433C-B6D3-7453A380B182" comID="71217005-895C-4B08-9DD7-FA166FDB3EF1" comLinkType="cltPageLink"/>
  </page>
  <page ID="A6788ECF-1E7D-4F85-A50B-3C9A2EC8955F">
    <linkSource sourcePageID="C9AEC8B5-1712-4AF4-BF9E-FA10BBCF9132" comID="66BB97E7-FB47-4D1C-B9CA-0DBF790F02CD" comLinkType="cltPageLink"/>
    <linkSource sourcePageID="3CEE5798-C189-45EF-B6F5-692201CB4019" comID="9AF36645-A13E-41E4-B955-BD9B956D897C" comLinkType="cltPageLink"/>
    <linkSource sourcePageID="A6315F8D-A91F-4E03-9E69-407595289263" comID="BE4614F1-2AA1-4997-B4CB-E418178B8B1A" comLinkType="cltPageLink"/>
  </page>
  <page ID="17BE9AAB-6D75-4D8A-B6FA-4B19BE85E3FE">
    <linkSource sourcePageID="A6788ECF-1E7D-4F85-A50B-3C9A2EC8955F" comID="DF1B8A15-838E-41E4-8BE6-EA450ADD30B1" comLinkType="cltPageLink"/>
    <linkSource sourcePageID="A6788ECF-1E7D-4F85-A50B-3C9A2EC8955F" comID="78445F67-B5CB-4257-9A77-8EA92EE7E16A" comLinkType="cltPageLink"/>
    <linkSource sourcePageID="A6788ECF-1E7D-4F85-A50B-3C9A2EC8955F" comID="F55D3C88-535D-4BD6-83C1-92FD2A342572" comLinkType="cltPageLink"/>
    <linkSource sourcePageID="C6DF4E7C-D124-453D-8FF1-CCCEA5DBBB0D" comID="D8016EFE-97D8-4136-8932-DFD1B28596E4" comLinkType="cltPageLink"/>
    <linkSource sourcePageID="A6788ECF-1E7D-4F85-A50B-3C9A2EC8955F" comID="266D0DCF-A5D6-4CC9-9FE1-0EDAF438F0E6" comLinkType="cltPageLink"/>
    <linkSource sourcePageID="C6DF4E7C-D124-453D-8FF1-CCCEA5DBBB0D" comID="998DFA7B-D329-47B0-8173-318479ECC464" comLinkType="cltPageLink"/>
    <linkSource sourcePageID="F659CA57-2B47-433C-B6D3-7453A380B182" comID="FAD3850C-09E2-4EAC-BE7A-F525FF3109B2" comLinkType="cltPageLink"/>
    <linkSource sourcePageID="F659CA57-2B47-433C-B6D3-7453A380B182" comID="F4C28371-1B15-4F47-BD96-BE565B25AE88" comLinkType="cltPageLink"/>
    <linkSource sourcePageID="A160C5DC-6901-4ED3-BC7D-7D46FCDB3A5C" comID="8021A2FE-7642-49EB-9462-779E923CF7CE" comLinkType="cltPageLink"/>
    <linkSource sourcePageID="A160C5DC-6901-4ED3-BC7D-7D46FCDB3A5C" comID="9C66AE9B-6045-43E9-867C-A9C1921B8678" comLinkType="cltPageLink"/>
    <linkSource sourcePageID="EEE7249B-2E3C-4668-AD63-DFDFD3F4D61C" comID="E76C56ED-960E-448C-B6E1-39CBF797359A" comLinkType="cltPageLink"/>
    <linkSource sourcePageID="EEE7249B-2E3C-4668-AD63-DFDFD3F4D61C" comID="8E6E8F7E-7024-4000-825F-6B8A044245F4" comLinkType="cltPageLink"/>
    <linkSource sourcePageID="9CE3D993-CDB6-4FCF-92B6-54BFB173FE39" comID="1FECB44E-E933-4C23-80D7-6A5EA42AFF69" comLinkType="cltPageLink"/>
    <linkSource sourcePageID="9CE3D993-CDB6-4FCF-92B6-54BFB173FE39" comID="9868E164-EF90-4F8D-A9D7-A48AAE60BA6A" comLinkType="cltPageLink"/>
    <linkSource sourcePageID="1B71CFDE-4F00-49DE-B130-75128CE5E6BF" comID="669D258F-B8B3-4968-A4EE-8AD6163769B2" comLinkType="cltPageLink"/>
    <linkSource sourcePageID="1B71CFDE-4F00-49DE-B130-75128CE5E6BF" comID="8640BB67-7CF3-45F2-B189-99BC0FBC3300" comLinkType="cltPageLink"/>
    <linkSource sourcePageID="45BF2DBE-38F9-4988-B10C-B6136D9C7656" comID="056CF1CC-420C-41CE-9C1E-73FEDED46699" comLinkType="cltPageLink"/>
    <linkSource sourcePageID="45BF2DBE-38F9-4988-B10C-B6136D9C7656" comID="7380ADAC-478D-4428-BB46-0A36E7CCED03" comLinkType="cltPageLink"/>
    <linkSource sourcePageID="581A847C-3C4F-4F4E-A16E-2F8FD78E0270" comID="11F43CB3-F678-4130-B94E-46FE86E5528F" comLinkType="cltPageLink"/>
    <linkSource sourcePageID="581A847C-3C4F-4F4E-A16E-2F8FD78E0270" comID="D3FA961C-1C94-4297-B7D1-5AA09E4606A5" comLinkType="cltPageLink"/>
  </page>
  <page ID="0A20D4B0-0A13-4308-BF3E-915302A62789">
    <linkSource sourcePageID="A6788ECF-1E7D-4F85-A50B-3C9A2EC8955F" comID="DF1B8A15-838E-41E4-8BE6-EA450ADD30B1" comLinkType="cltPageLink"/>
    <linkSource sourcePageID="A6788ECF-1E7D-4F85-A50B-3C9A2EC8955F" comID="855FB140-6C06-4F17-BE35-49C985C80B63" comLinkType="cltPageLink"/>
    <linkSource sourcePageID="A6788ECF-1E7D-4F85-A50B-3C9A2EC8955F" comID="266D0DCF-A5D6-4CC9-9FE1-0EDAF438F0E6" comLinkType="cltPageLink"/>
    <linkSource sourcePageID="A6788ECF-1E7D-4F85-A50B-3C9A2EC8955F" comID="CBB145BC-35DB-40F9-ABBA-F687D3108C69" comLinkType="cltPageLink"/>
    <linkSource sourcePageID="C6DF4E7C-D124-453D-8FF1-CCCEA5DBBB0D" comID="998DFA7B-D329-47B0-8173-318479ECC464" comLinkType="cltPageLink"/>
    <linkSource sourcePageID="C6DF4E7C-D124-453D-8FF1-CCCEA5DBBB0D" comID="F6095107-9431-48F8-8D95-BA68E553545D" comLinkType="cltPageLink"/>
    <linkSource sourcePageID="F659CA57-2B47-433C-B6D3-7453A380B182" comID="5FDC1FAE-4CFB-4449-85E8-7B62EBCF5221" comLinkType="cltPageLink"/>
    <linkSource sourcePageID="A160C5DC-6901-4ED3-BC7D-7D46FCDB3A5C" comID="FD8CD4CA-6F3E-4796-AEDB-68A33C328CE1" comLinkType="cltPageLink"/>
    <linkSource sourcePageID="EEE7249B-2E3C-4668-AD63-DFDFD3F4D61C" comID="A1A03FED-95CA-44AB-B899-ACC703774ABD" comLinkType="cltPageLink"/>
    <linkSource sourcePageID="9CE3D993-CDB6-4FCF-92B6-54BFB173FE39" comID="7F434699-74D4-48B5-AE42-7967AE9BE940" comLinkType="cltPageLink"/>
    <linkSource sourcePageID="1B71CFDE-4F00-49DE-B130-75128CE5E6BF" comID="8ECA5831-C2A1-45C6-8CE8-39ECFEB9D26E" comLinkType="cltPageLink"/>
    <linkSource sourcePageID="45BF2DBE-38F9-4988-B10C-B6136D9C7656" comID="C4B83888-F23E-48A4-A2D7-4846B79C10CD" comLinkType="cltPageLink"/>
    <linkSource sourcePageID="581A847C-3C4F-4F4E-A16E-2F8FD78E0270" comID="6A927945-1EC0-45F0-BB11-93822046265E" comLinkType="cltPageLink"/>
  </page>
  <page ID="A6315F8D-A91F-4E03-9E69-407595289263">
    <linkSource sourcePageID="C9AEC8B5-1712-4AF4-BF9E-FA10BBCF9132" comID="8FB94265-883B-45F5-BE3D-9C4386B7AF78" comLinkType="cltPageLink"/>
  </page>
  <page ID="828198EC-4CE3-43FF-9828-4253383619BA">
    <linkSource sourcePageID="A6315F8D-A91F-4E03-9E69-407595289263" comID="6C8799B8-0D49-4778-AF78-B28F995E2588" comLinkType="cltPageLink"/>
    <linkSource sourcePageID="AD94F53D-12C8-46A5-B119-D3F777753995" comID="9B59C385-C6DA-4BA5-A2BC-36F4A84BE056" comLinkType="cltPageLink"/>
    <linkSource sourcePageID="7B08BAE2-4857-4CEB-BC26-FD70EC9BDB35" comID="9B59C385-C6DA-4BA5-A2BC-36F4A84BE056" comLinkType="cltPageLink"/>
    <linkSource sourcePageID="4CA3877D-4DCB-4263-834C-01AE5BEC50C5" comID="5F93A4E4-A148-454C-BCFA-6BEFF9DABCDB" comLinkType="cltPageLink"/>
    <linkSource sourcePageID="1BEDC142-A269-4689-86EE-DF70DDC57C07" comID="186BCB9D-78A0-4B94-90A1-F195DB79DE8F" comLinkType="cltPageLink"/>
    <linkSource sourcePageID="7F66B943-EF02-432B-AD61-E2DD448B3682" comID="F3E24730-1EC8-4F89-A90E-67F613FF2938" comLinkType="cltPageLink"/>
    <linkSource sourcePageID="4D6A6518-B9EB-48F2-B95A-153C42A08A68" comID="365C2D7B-BA11-407E-A8E8-D197ADE6829F" comLinkType="cltPageLink"/>
    <linkSource sourcePageID="1BEDC142-A269-4689-86EE-DF70DDC57C07" comID="33A0DCF7-02C6-4951-AE29-0708C7520FE6" comLinkType="cltPageLink"/>
    <linkSource sourcePageID="06967686-4204-4B93-9E75-0CD56929E424" comID="CB28C1E6-BE9D-4A59-9284-09C69FA428D7" comLinkType="cltPageLink"/>
    <linkSource sourcePageID="4D6A6518-B9EB-48F2-B95A-153C42A08A68" comID="05715470-8138-4475-BB92-A9349DE2C425" comLinkType="cltPageLink"/>
    <linkSource sourcePageID="21ED6516-1472-4593-8B56-EA5ECA152527" comID="30AE90D7-3024-4DCD-A8AC-780423BEE091" comLinkType="cltPageLink"/>
    <linkSource sourcePageID="F659CA57-2B47-433C-B6D3-7453A380B182" comID="71217005-895C-4B08-9DD7-FA166FDB3EF1" comLinkType="cltPageLink"/>
  </page>
  <page ID="F659CA57-2B47-433C-B6D3-7453A380B182">
    <linkSource sourcePageID="AD94F53D-12C8-46A5-B119-D3F777753995" comID="BE4614F1-2AA1-4997-B4CB-E418178B8B1A" comLinkType="cltPageLink"/>
    <linkSource sourcePageID="828198EC-4CE3-43FF-9828-4253383619BA" comID="66BB97E7-FB47-4D1C-B9CA-0DBF790F02CD" comLinkType="cltPageLink"/>
    <linkSource sourcePageID="7B08BAE2-4857-4CEB-BC26-FD70EC9BDB35" comID="BE4614F1-2AA1-4997-B4CB-E418178B8B1A" comLinkType="cltPageLink"/>
    <linkSource sourcePageID="1BEDC142-A269-4689-86EE-DF70DDC57C07" comID="EBBD2D7D-DAEE-4BB9-AF53-9825D9EA88C5" comLinkType="cltPageLink"/>
    <linkSource sourcePageID="1BEDC142-A269-4689-86EE-DF70DDC57C07" comID="96C1FC08-0E99-4CE0-9A4B-854833800700" comLinkType="cltPageLink"/>
    <linkSource sourcePageID="7F66B943-EF02-432B-AD61-E2DD448B3682" comID="96C1FC08-0E99-4CE0-9A4B-854833800700" comLinkType="cltPageLink"/>
  </page>
  <page ID="31E9BFD1-DBDA-41EE-A137-5AA3621FBBCB">
    <linkSource sourcePageID="F659CA57-2B47-433C-B6D3-7453A380B182" comID="FAD3850C-09E2-4EAC-BE7A-F525FF3109B2" comLinkType="cltPageLink"/>
    <linkSource sourcePageID="F659CA57-2B47-433C-B6D3-7453A380B182" comID="F4C28371-1B15-4F47-BD96-BE565B25AE88" comLinkType="cltPageLink"/>
  </page>
  <page ID="63B15F3F-9064-4790-9B2E-DBA21A1CE463">
    <linkSource sourcePageID="F659CA57-2B47-433C-B6D3-7453A380B182" comID="FAD3850C-09E2-4EAC-BE7A-F525FF3109B2" comLinkType="cltPageLink"/>
    <linkSource sourcePageID="F659CA57-2B47-433C-B6D3-7453A380B182" comID="5FDC1FAE-4CFB-4449-85E8-7B62EBCF5221" comLinkType="cltPageLink"/>
  </page>
  <page ID="AD94F53D-12C8-46A5-B119-D3F777753995">
    <linkSource sourcePageID="828198EC-4CE3-43FF-9828-4253383619BA" comID="BD32E11C-81AF-4900-8DCA-D72B9D579980" comLinkType="cltPageLink"/>
    <linkSource sourcePageID="828198EC-4CE3-43FF-9828-4253383619BA" comID="D59504A9-7557-4BBE-BF94-4F2B84E10E4D" comLinkType="cltPageLink"/>
    <linkSource sourcePageID="828198EC-4CE3-43FF-9828-4253383619BA" comID="74D916D1-6EF7-459F-A074-0DEA8980D230" comLinkType="cltPageLink"/>
    <linkSource sourcePageID="828198EC-4CE3-43FF-9828-4253383619BA" comID="A727DCF4-5996-4843-95BE-C49ADA2B4327" comLinkType="cltPageLink"/>
    <linkSource sourcePageID="1BEDC142-A269-4689-86EE-DF70DDC57C07" comID="AF60955C-7B3B-42D0-BB95-AC40F910D983" comLinkType="cltPageLink"/>
    <linkSource sourcePageID="1BEDC142-A269-4689-86EE-DF70DDC57C07" comID="33A0DCF7-02C6-4951-AE29-0708C7520FE6" comLinkType="cltPageLink"/>
    <linkSource sourcePageID="7F66B943-EF02-432B-AD61-E2DD448B3682" comID="33A0DCF7-02C6-4951-AE29-0708C7520FE6" comLinkType="cltPageLink"/>
  </page>
  <page ID="4CA3877D-4DCB-4263-834C-01AE5BEC50C5">
    <linkSource sourcePageID="1BEDC142-A269-4689-86EE-DF70DDC57C07" comID="7C36758B-D3C6-4188-B0C0-2F8CC69DD481" comLinkType="cltPageLink"/>
    <linkSource sourcePageID="7F66B943-EF02-432B-AD61-E2DD448B3682" comID="7C36758B-D3C6-4188-B0C0-2F8CC69DD481" comLinkType="cltPageLink"/>
  </page>
  <page ID="1BEDC142-A269-4689-86EE-DF70DDC57C07">
    <linkSource sourcePageID="828198EC-4CE3-43FF-9828-4253383619BA" comID="D59504A9-7557-4BBE-BF94-4F2B84E10E4D" comLinkType="cltPageLink"/>
    <linkSource sourcePageID="4CA3877D-4DCB-4263-834C-01AE5BEC50C5" comID="9B59C385-C6DA-4BA5-A2BC-36F4A84BE056" comLinkType="cltPageLink"/>
  </page>
  <page ID="7F66B943-EF02-432B-AD61-E2DD448B3682">
    <linkSource sourcePageID="1BEDC142-A269-4689-86EE-DF70DDC57C07" comID="3171E207-6C66-4BA3-A82F-0C7A5C1E449E" comLinkType="cltPageLink"/>
  </page>
  <page ID="06967686-4204-4B93-9E75-0CD56929E424">
    <linkSource sourcePageID="21ED6516-1472-4593-8B56-EA5ECA152527" comID="09821377-EA9C-4BE2-9520-B4D32DA252EE" comLinkType="cltPageLink"/>
    <linkSource sourcePageID="6D49D621-E736-4297-8F79-371A9BEC2287" comID="F75BB360-F9D2-4ED6-8DF4-8CD84E2DCF2E" comLinkType="cltPageLink"/>
    <linkSource sourcePageID="82B3B07B-C125-44ED-A447-804558CDE1CF" comID="0D4AFC8B-725A-4118-BA1B-C96BFCC3B964" comLinkType="cltPageLink"/>
    <linkSource sourcePageID="3CEE5798-C189-45EF-B6F5-692201CB4019" comID="B0C6C459-F35E-4ABA-AF16-E54A55D502B0" comLinkType="cltPageLink"/>
    <linkSource sourcePageID="09516AA0-253B-49BC-909A-0136CAF3A982" comID="9B973186-538D-45B9-AC67-1CFCC6C36B96" comLinkType="cltPageLink"/>
    <linkSource sourcePageID="C74671EA-A0BF-491E-A4AF-B81EF917289B" comID="B0C6C459-F35E-4ABA-AF16-E54A55D502B0" comLinkType="cltPageLink"/>
    <linkSource sourcePageID="750B7FC6-1AC9-4062-AFEA-88B81CBFBCE0" comID="09821377-EA9C-4BE2-9520-B4D32DA252EE" comLinkType="cltPageLink"/>
    <linkSource sourcePageID="B1570487-E3B3-47B7-85FF-886AECABC88A" comID="B0C6C459-F35E-4ABA-AF16-E54A55D502B0" comLinkType="cltPageLink"/>
    <linkSource sourcePageID="29EAE944-21B6-47D5-855E-3A8EA93A2E73" comID="B0C6C459-F35E-4ABA-AF16-E54A55D502B0" comLinkType="cltPageLink"/>
    <linkSource sourcePageID="A773AAD2-4C54-4C2D-8B9E-CA74E2594FC4" comID="09821377-EA9C-4BE2-9520-B4D32DA252EE" comLinkType="cltPageLink"/>
    <linkSource sourcePageID="A773AAD2-4C54-4C2D-8B9E-CA74E2594FC4" comID="376B0B61-8AAE-4176-BD0C-BFD47858EBB8" comLinkType="cltPageLink"/>
    <linkSource sourcePageID="2D76B205-B51C-4C7D-BB1E-27A77F433043" comID="B0C6C459-F35E-4ABA-AF16-E54A55D502B0" comLinkType="cltPageLink"/>
    <linkSource sourcePageID="7DD3B4E4-955E-4B19-92B2-B7D306A24C52" comID="B0C6C459-F35E-4ABA-AF16-E54A55D502B0" comLinkType="cltPageLink"/>
    <linkSource sourcePageID="62CBAC82-1AEC-4022-BBA5-3B24DD000208" comID="B0C6C459-F35E-4ABA-AF16-E54A55D502B0" comLinkType="cltPageLink"/>
    <linkSource sourcePageID="40AD7544-24E6-4BC9-9DE5-EF59AA971DC8" comID="09821377-EA9C-4BE2-9520-B4D32DA252EE" comLinkType="cltPageLink"/>
    <linkSource sourcePageID="803022CF-8D4F-4653-BDD1-661B5EBC91FC" comID="FA89C3AA-5B14-468A-8CFF-2E786C89AA1B" comLinkType="cltPageLink"/>
  </page>
  <page ID="3CEE5798-C189-45EF-B6F5-692201CB4019">
    <linkSource sourcePageID="06967686-4204-4B93-9E75-0CD56929E424" comID="036BBFC2-7DA1-4E59-9F64-3F545805F6D0" comLinkType="cltPageLink"/>
    <linkSource sourcePageID="76EDFAFF-6B1D-4C56-9558-9857AC1C2C4D" comID="FD916293-FD71-4769-96E7-770E5C80AE4C" comLinkType="cltPageLink"/>
    <linkSource sourcePageID="76EDFAFF-6B1D-4C56-9558-9857AC1C2C4D" comID="F1E3D769-156A-45E5-A21F-7DBD84CDF71B" comLinkType="cltPageLink"/>
    <linkSource sourcePageID="40AD7544-24E6-4BC9-9DE5-EF59AA971DC8" comID="B1C80AB7-051F-47E8-B7F8-A937DC9F8493" comLinkType="cltPageLink"/>
    <linkSource sourcePageID="4D6A6518-B9EB-48F2-B95A-153C42A08A68" comID="279CF7A9-98AF-45B5-A5C6-34FED6812522" comLinkType="cltPageLink"/>
    <linkSource sourcePageID="4D6A6518-B9EB-48F2-B95A-153C42A08A68" comID="AED2DBC3-73EC-4FBF-92C0-DBA665695586" comLinkType="cltPageLink"/>
    <linkSource sourcePageID="4D6A6518-B9EB-48F2-B95A-153C42A08A68" comID="D9D8B4F4-D357-4B21-9E86-DDE67D48C6BF" comLinkType="cltPageLink"/>
    <linkSource sourcePageID="21ED6516-1472-4593-8B56-EA5ECA152527" comID="1434F9D2-75FA-4303-9D14-6C80673421C0" comLinkType="cltPageLink"/>
    <linkSource sourcePageID="C6DF4E7C-D124-453D-8FF1-CCCEA5DBBB0D" comID="61F7DBD7-7254-49F1-A5B5-D48F9D0C5EFB" comLinkType="cltPageLink"/>
    <linkSource sourcePageID="A160C5DC-6901-4ED3-BC7D-7D46FCDB3A5C" comID="4209A77A-E815-4028-85D5-5D3FB16CE2CD" comLinkType="cltPageLink"/>
  </page>
  <page ID="C6DF4E7C-D124-453D-8FF1-CCCEA5DBBB0D">
    <linkSource sourcePageID="3CEE5798-C189-45EF-B6F5-692201CB4019" comID="9AF36645-A13E-41E4-B955-BD9B956D897C" comLinkType="cltPageLink"/>
    <linkSource sourcePageID="76EDFAFF-6B1D-4C56-9558-9857AC1C2C4D" comID="FD916293-FD71-4769-96E7-770E5C80AE4C" comLinkType="cltPageLink"/>
    <linkSource sourcePageID="76EDFAFF-6B1D-4C56-9558-9857AC1C2C4D" comID="C72F2850-8C65-4D1A-8B7F-986941A4248E" comLinkType="cltPageLink"/>
  </page>
  <page ID="3CDB7102-B552-480B-B7CA-3713E4447FD1">
    <linkSource sourcePageID="C6DF4E7C-D124-453D-8FF1-CCCEA5DBBB0D" comID="998DFA7B-D329-47B0-8173-318479ECC464" comLinkType="cltPageLink"/>
    <linkSource sourcePageID="C6DF4E7C-D124-453D-8FF1-CCCEA5DBBB0D" comID="D8016EFE-97D8-4136-8932-DFD1B28596E4" comLinkType="cltPageLink"/>
  </page>
  <page ID="D4F631AB-F001-4EDA-A415-0A3E68816AE2">
    <linkSource sourcePageID="C6DF4E7C-D124-453D-8FF1-CCCEA5DBBB0D" comID="998DFA7B-D329-47B0-8173-318479ECC464" comLinkType="cltPageLink"/>
    <linkSource sourcePageID="C6DF4E7C-D124-453D-8FF1-CCCEA5DBBB0D" comID="F6095107-9431-48F8-8D95-BA68E553545D" comLinkType="cltPageLink"/>
  </page>
  <page ID="76EDFAFF-6B1D-4C56-9558-9857AC1C2C4D">
    <linkSource sourcePageID="3CEE5798-C189-45EF-B6F5-692201CB4019" comID="C8382E1D-D91D-4164-9E1E-9D0996FFA343" comLinkType="cltPageLink"/>
  </page>
  <page ID="C74671EA-A0BF-491E-A4AF-B81EF917289B">
    <linkSource sourcePageID="06967686-4204-4B93-9E75-0CD56929E424" comID="48940231-2A45-4590-9503-DEB8D12D69BE" comLinkType="cltPageLink"/>
    <linkSource sourcePageID="CC8A0F48-AA3F-4946-99D5-D8BB7D09A324" comID="FD916293-FD71-4769-96E7-770E5C80AE4C" comLinkType="cltPageLink"/>
    <linkSource sourcePageID="CC8A0F48-AA3F-4946-99D5-D8BB7D09A324" comID="F1E3D769-156A-45E5-A21F-7DBD84CDF71B" comLinkType="cltPageLink"/>
    <linkSource sourcePageID="06967686-4204-4B93-9E75-0CD56929E424" comID="82E2B146-7BDB-4006-B1B9-BFFE8E2D0A7D" comLinkType="cltPageLink"/>
    <linkSource sourcePageID="40AD7544-24E6-4BC9-9DE5-EF59AA971DC8" comID="3FA3E83C-D38F-4B89-B477-C467201BA713" comLinkType="cltPageLink"/>
    <linkSource sourcePageID="40AD7544-24E6-4BC9-9DE5-EF59AA971DC8" comID="B5E31903-EE38-4B90-974B-1E0B725815B2" comLinkType="cltPageLink"/>
    <linkSource sourcePageID="4D6A6518-B9EB-48F2-B95A-153C42A08A68" comID="1590C2D6-3261-4240-B1C5-3FB8F0121548" comLinkType="cltPageLink"/>
    <linkSource sourcePageID="4D6A6518-B9EB-48F2-B95A-153C42A08A68" comID="2C31A0B7-A63C-4B4F-A93C-572E07F5F238" comLinkType="cltPageLink"/>
    <linkSource sourcePageID="4D6A6518-B9EB-48F2-B95A-153C42A08A68" comID="6568D317-93CF-4F62-928E-C40E648AC4CC" comLinkType="cltPageLink"/>
    <linkSource sourcePageID="4D6A6518-B9EB-48F2-B95A-153C42A08A68" comID="9B05DAC8-E03F-4DD7-925D-4A2A981D2D5E" comLinkType="cltPageLink"/>
    <linkSource sourcePageID="4D6A6518-B9EB-48F2-B95A-153C42A08A68" comID="92C79C03-37FF-4610-BDDF-E39EA79C6A4D" comLinkType="cltPageLink"/>
    <linkSource sourcePageID="21ED6516-1472-4593-8B56-EA5ECA152527" comID="6A4F8CFA-50C8-40DF-AB54-4590FB34D764" comLinkType="cltPageLink"/>
    <linkSource sourcePageID="21ED6516-1472-4593-8B56-EA5ECA152527" comID="E2413619-41D6-4D90-A65E-0E8DC7D03729" comLinkType="cltPageLink"/>
    <linkSource sourcePageID="A160C5DC-6901-4ED3-BC7D-7D46FCDB3A5C" comID="4209A77A-E815-4028-85D5-5D3FB16CE2CD" comLinkType="cltPageLink"/>
    <linkSource sourcePageID="EEE7249B-2E3C-4668-AD63-DFDFD3F4D61C" comID="FA491864-4F94-4BED-A5EB-3ECE26588164" comLinkType="cltPageLink"/>
    <linkSource sourcePageID="9CE3D993-CDB6-4FCF-92B6-54BFB173FE39" comID="238F5116-DDB2-4198-8FAD-A47E631A159E" comLinkType="cltPageLink"/>
    <linkSource sourcePageID="1B71CFDE-4F00-49DE-B130-75128CE5E6BF" comID="1E8D30E8-77C9-445B-8E7A-E3A2F7E44298" comLinkType="cltPageLink"/>
    <linkSource sourcePageID="45BF2DBE-38F9-4988-B10C-B6136D9C7656" comID="2669C281-746A-4787-BD82-07B333527AAE" comLinkType="cltPageLink"/>
    <linkSource sourcePageID="581A847C-3C4F-4F4E-A16E-2F8FD78E0270" comID="7479F4D9-5302-4947-B0A5-293C3D9420A1" comLinkType="cltPageLink"/>
  </page>
  <page ID="A160C5DC-6901-4ED3-BC7D-7D46FCDB3A5C">
    <linkSource sourcePageID="C74671EA-A0BF-491E-A4AF-B81EF917289B" comID="9AF36645-A13E-41E4-B955-BD9B956D897C" comLinkType="cltPageLink"/>
    <linkSource sourcePageID="CC8A0F48-AA3F-4946-99D5-D8BB7D09A324" comID="FD916293-FD71-4769-96E7-770E5C80AE4C" comLinkType="cltPageLink"/>
    <linkSource sourcePageID="CC8A0F48-AA3F-4946-99D5-D8BB7D09A324" comID="069994BC-20F6-45B2-9469-0A6FDAF81959" comLinkType="cltPageLink"/>
  </page>
  <page ID="9D21E045-051A-4CCF-9747-F70856B2E369">
    <linkSource sourcePageID="A160C5DC-6901-4ED3-BC7D-7D46FCDB3A5C" comID="8021A2FE-7642-49EB-9462-779E923CF7CE" comLinkType="cltPageLink"/>
    <linkSource sourcePageID="A160C5DC-6901-4ED3-BC7D-7D46FCDB3A5C" comID="9C66AE9B-6045-43E9-867C-A9C1921B8678" comLinkType="cltPageLink"/>
  </page>
  <page ID="5B67E9BB-E6C2-4999-807B-CE228F0A0EC4">
    <linkSource sourcePageID="A160C5DC-6901-4ED3-BC7D-7D46FCDB3A5C" comID="8021A2FE-7642-49EB-9462-779E923CF7CE" comLinkType="cltPageLink"/>
    <linkSource sourcePageID="A160C5DC-6901-4ED3-BC7D-7D46FCDB3A5C" comID="FD8CD4CA-6F3E-4796-AEDB-68A33C328CE1" comLinkType="cltPageLink"/>
  </page>
  <page ID="CC8A0F48-AA3F-4946-99D5-D8BB7D09A324">
    <linkSource sourcePageID="C74671EA-A0BF-491E-A4AF-B81EF917289B" comID="C8382E1D-D91D-4164-9E1E-9D0996FFA343" comLinkType="cltPageLink"/>
  </page>
  <page ID="B1570487-E3B3-47B7-85FF-886AECABC88A">
    <linkSource sourcePageID="628355DE-99AB-478A-B984-D05776448120" comID="FD916293-FD71-4769-96E7-770E5C80AE4C" comLinkType="cltPageLink"/>
    <linkSource sourcePageID="628355DE-99AB-478A-B984-D05776448120" comID="F1E3D769-156A-45E5-A21F-7DBD84CDF71B" comLinkType="cltPageLink"/>
    <linkSource sourcePageID="06967686-4204-4B93-9E75-0CD56929E424" comID="8ED317E8-F2F0-44BA-A23A-39FFE25A1550" comLinkType="cltPageLink"/>
    <linkSource sourcePageID="06967686-4204-4B93-9E75-0CD56929E424" comID="A9635E2E-07D8-4A13-A9F7-9CF45342AAB6" comLinkType="cltPageLink"/>
    <linkSource sourcePageID="40AD7544-24E6-4BC9-9DE5-EF59AA971DC8" comID="4C56056F-4774-47F3-8EF5-846511E6E07C" comLinkType="cltPageLink"/>
    <linkSource sourcePageID="40AD7544-24E6-4BC9-9DE5-EF59AA971DC8" comID="88DB5611-FB04-4418-9DE8-E35635B9DF32" comLinkType="cltPageLink"/>
    <linkSource sourcePageID="4D6A6518-B9EB-48F2-B95A-153C42A08A68" comID="FD9CB661-1F00-41B4-9123-F2FF076A191E" comLinkType="cltPageLink"/>
    <linkSource sourcePageID="4D6A6518-B9EB-48F2-B95A-153C42A08A68" comID="1BE9EA6F-C117-4E90-B756-24EA6B6F4FFD" comLinkType="cltPageLink"/>
    <linkSource sourcePageID="4D6A6518-B9EB-48F2-B95A-153C42A08A68" comID="A004536D-EA6B-4A95-B8BF-55CF155CB5AC" comLinkType="cltPageLink"/>
    <linkSource sourcePageID="4D6A6518-B9EB-48F2-B95A-153C42A08A68" comID="5443F0C0-496B-4AC7-BA50-760967D39CFF" comLinkType="cltPageLink"/>
    <linkSource sourcePageID="4D6A6518-B9EB-48F2-B95A-153C42A08A68" comID="DCE666B9-D3CC-437D-B4A4-F5AC9310C8A2" comLinkType="cltPageLink"/>
    <linkSource sourcePageID="21ED6516-1472-4593-8B56-EA5ECA152527" comID="0421ABCE-4F64-4A41-9D50-AD497E2C5250" comLinkType="cltPageLink"/>
    <linkSource sourcePageID="21ED6516-1472-4593-8B56-EA5ECA152527" comID="A755E960-9FAD-427E-A643-EEFAD2A7B247" comLinkType="cltPageLink"/>
  </page>
  <page ID="9CE3D993-CDB6-4FCF-92B6-54BFB173FE39">
    <linkSource sourcePageID="B1570487-E3B3-47B7-85FF-886AECABC88A" comID="9AF36645-A13E-41E4-B955-BD9B956D897C" comLinkType="cltPageLink"/>
    <linkSource sourcePageID="628355DE-99AB-478A-B984-D05776448120" comID="47561768-3CE7-4210-9B58-A1D6532FD4D9" comLinkType="cltPageLink"/>
    <linkSource sourcePageID="10593249-730C-482E-B9BE-79BEDC58F2B6" comID="2D406B96-D30E-4981-A65E-DC21A760B4D1" comLinkType="cltPageLink"/>
    <linkSource sourcePageID="CC8A0F48-AA3F-4946-99D5-D8BB7D09A324" comID="069994BC-20F6-45B2-9469-0A6FDAF81959" comLinkType="cltPageLink"/>
    <linkSource sourcePageID="76EDFAFF-6B1D-4C56-9558-9857AC1C2C4D" comID="C72F2850-8C65-4D1A-8B7F-986941A4248E" comLinkType="cltPageLink"/>
  </page>
  <page ID="6222C74F-4B54-407A-B0ED-F20CC0382B1A">
    <linkSource sourcePageID="9CE3D993-CDB6-4FCF-92B6-54BFB173FE39" comID="1FECB44E-E933-4C23-80D7-6A5EA42AFF69" comLinkType="cltPageLink"/>
    <linkSource sourcePageID="9CE3D993-CDB6-4FCF-92B6-54BFB173FE39" comID="9868E164-EF90-4F8D-A9D7-A48AAE60BA6A" comLinkType="cltPageLink"/>
  </page>
  <page ID="825E8B2B-8CBB-4E75-93FE-7EA4858CAEE5">
    <linkSource sourcePageID="9CE3D993-CDB6-4FCF-92B6-54BFB173FE39" comID="1FECB44E-E933-4C23-80D7-6A5EA42AFF69" comLinkType="cltPageLink"/>
    <linkSource sourcePageID="9CE3D993-CDB6-4FCF-92B6-54BFB173FE39" comID="7F434699-74D4-48B5-AE42-7967AE9BE940" comLinkType="cltPageLink"/>
  </page>
  <page ID="628355DE-99AB-478A-B984-D05776448120">
    <linkSource sourcePageID="B1570487-E3B3-47B7-85FF-886AECABC88A" comID="C8382E1D-D91D-4164-9E1E-9D0996FFA343" comLinkType="cltPageLink"/>
  </page>
  <page ID="2D76B205-B51C-4C7D-BB1E-27A77F433043">
    <linkSource sourcePageID="85E1BC78-83E3-431B-8D6A-2C5B31F3AB09" comID="FD916293-FD71-4769-96E7-770E5C80AE4C" comLinkType="cltPageLink"/>
    <linkSource sourcePageID="85E1BC78-83E3-431B-8D6A-2C5B31F3AB09" comID="F1E3D769-156A-45E5-A21F-7DBD84CDF71B" comLinkType="cltPageLink"/>
    <linkSource sourcePageID="06967686-4204-4B93-9E75-0CD56929E424" comID="CDE7A9DE-B649-44A1-AF1D-8E4D5514884D" comLinkType="cltPageLink"/>
    <linkSource sourcePageID="40AD7544-24E6-4BC9-9DE5-EF59AA971DC8" comID="0EB7BFB2-57D3-4568-BF8F-06BFA9C41864" comLinkType="cltPageLink"/>
    <linkSource sourcePageID="4D6A6518-B9EB-48F2-B95A-153C42A08A68" comID="9A089E58-8BF9-4F3B-BB8A-DD871ED0007A" comLinkType="cltPageLink"/>
    <linkSource sourcePageID="4D6A6518-B9EB-48F2-B95A-153C42A08A68" comID="2407A9AC-6799-408E-A868-D07DEDDC70F1" comLinkType="cltPageLink"/>
    <linkSource sourcePageID="4D6A6518-B9EB-48F2-B95A-153C42A08A68" comID="C9A30C45-21BC-47EE-BFF6-3D574D5A7B15" comLinkType="cltPageLink"/>
    <linkSource sourcePageID="21ED6516-1472-4593-8B56-EA5ECA152527" comID="DA742D06-A879-4658-A539-47313440BAF2" comLinkType="cltPageLink"/>
    <linkSource sourcePageID="2D76B205-B51C-4C7D-BB1E-27A77F433043" comID="4E5227B2-783E-44B2-8F8C-2CDB37A36D12" comLinkType="cltPageLink"/>
    <linkSource sourcePageID="2D76B205-B51C-4C7D-BB1E-27A77F433043" comID="3BF7D64D-C2E2-4F2C-9C32-8223D7F34642" comLinkType="cltPageLink"/>
    <linkSource sourcePageID="2D76B205-B51C-4C7D-BB1E-27A77F433043" comID="9A02AECF-8C1D-4BCF-8C02-3C54490EEEE3" comLinkType="cltPageLink"/>
    <linkSource sourcePageID="2D76B205-B51C-4C7D-BB1E-27A77F433043" comID="CCF9AD16-5225-43D2-B62A-EBFD7447492E" comLinkType="cltPageLink"/>
    <linkSource sourcePageID="803022CF-8D4F-4653-BDD1-661B5EBC91FC" comID="56385CC3-0818-4BAD-902E-4729978ADCC0" comLinkType="cltPageLink"/>
  </page>
  <page ID="1B71CFDE-4F00-49DE-B130-75128CE5E6BF">
    <linkSource sourcePageID="85E1BC78-83E3-431B-8D6A-2C5B31F3AB09" comID="47561768-3CE7-4210-9B58-A1D6532FD4D9" comLinkType="cltPageLink"/>
    <linkSource sourcePageID="2D76B205-B51C-4C7D-BB1E-27A77F433043" comID="9AF36645-A13E-41E4-B955-BD9B956D897C" comLinkType="cltPageLink"/>
    <linkSource sourcePageID="803022CF-8D4F-4653-BDD1-661B5EBC91FC" comID="3D978BBD-ED72-4054-825C-D6A188059213" comLinkType="cltPageLink"/>
  </page>
  <page ID="D2A537B5-BDA0-4E03-B24A-C5950CDB1242">
    <linkSource sourcePageID="1B71CFDE-4F00-49DE-B130-75128CE5E6BF" comID="669D258F-B8B3-4968-A4EE-8AD6163769B2" comLinkType="cltPageLink"/>
    <linkSource sourcePageID="1B71CFDE-4F00-49DE-B130-75128CE5E6BF" comID="8640BB67-7CF3-45F2-B189-99BC0FBC3300" comLinkType="cltPageLink"/>
  </page>
  <page ID="A4F5B1DC-39A5-490D-9BE6-66E1E0C8439D">
    <linkSource sourcePageID="1B71CFDE-4F00-49DE-B130-75128CE5E6BF" comID="669D258F-B8B3-4968-A4EE-8AD6163769B2" comLinkType="cltPageLink"/>
    <linkSource sourcePageID="1B71CFDE-4F00-49DE-B130-75128CE5E6BF" comID="8ECA5831-C2A1-45C6-8CE8-39ECFEB9D26E" comLinkType="cltPageLink"/>
  </page>
  <page ID="803022CF-8D4F-4653-BDD1-661B5EBC91FC">
    <linkSource sourcePageID="2D76B205-B51C-4C7D-BB1E-27A77F433043" comID="5FD884DF-226F-4A98-8F75-44BB6D2D6CEB" comLinkType="cltPageLink"/>
    <linkSource sourcePageID="2D76B205-B51C-4C7D-BB1E-27A77F433043" comID="3835C3A3-461C-4E4C-B332-DEDBB06DDC5A" comLinkType="cltPageLink"/>
    <linkSource sourcePageID="623BBE8A-06A6-4A8E-981B-C9C1310C5915" comID="C6F5BF0C-DE05-47DB-A598-568EE490E15E" comLinkType="cltPageLink"/>
    <linkSource sourcePageID="2D76B205-B51C-4C7D-BB1E-27A77F433043" comID="4D5916BA-E4B5-48D7-B317-9AF8853219B0" comLinkType="cltPageLink"/>
    <linkSource sourcePageID="2D76B205-B51C-4C7D-BB1E-27A77F433043" comID="362627FC-D513-4D61-A9F7-AB3BA31B2098" comLinkType="cltPageLink"/>
    <linkSource sourcePageID="2D76B205-B51C-4C7D-BB1E-27A77F433043" comID="27A1CB85-D4E6-4D0D-A0BC-9B5788D93C05" comLinkType="cltPageLink"/>
    <linkSource sourcePageID="2D76B205-B51C-4C7D-BB1E-27A77F433043" comID="CE4EA738-28D6-4FF0-B023-19CFD9692204" comLinkType="cltPageLink"/>
    <linkSource sourcePageID="2D76B205-B51C-4C7D-BB1E-27A77F433043" comID="B031F3A2-9709-424E-8D72-250886EF0720" comLinkType="cltPageLink"/>
    <linkSource sourcePageID="2D76B205-B51C-4C7D-BB1E-27A77F433043" comID="CCF9AD16-5225-43D2-B62A-EBFD7447492E" comLinkType="cltPageLink"/>
    <linkSource sourcePageID="803022CF-8D4F-4653-BDD1-661B5EBC91FC" comID="56385CC3-0818-4BAD-902E-4729978ADCC0" comLinkType="cltPageLink"/>
  </page>
  <page ID="7DD3B4E4-955E-4B19-92B2-B7D306A24C52">
    <linkSource sourcePageID="3E8003F8-CB20-474B-949F-481959A2336E" comID="FD916293-FD71-4769-96E7-770E5C80AE4C" comLinkType="cltPageLink"/>
    <linkSource sourcePageID="3E8003F8-CB20-474B-949F-481959A2336E" comID="F1E3D769-156A-45E5-A21F-7DBD84CDF71B" comLinkType="cltPageLink"/>
    <linkSource sourcePageID="06967686-4204-4B93-9E75-0CD56929E424" comID="09F1E330-0A78-461E-B9FC-0D3BB0B75400" comLinkType="cltPageLink"/>
    <linkSource sourcePageID="40AD7544-24E6-4BC9-9DE5-EF59AA971DC8" comID="2155AFEB-B934-4890-A463-CCD503AEBA64" comLinkType="cltPageLink"/>
    <linkSource sourcePageID="4D6A6518-B9EB-48F2-B95A-153C42A08A68" comID="07B11807-7E10-412A-940B-D7D406DF16E2" comLinkType="cltPageLink"/>
    <linkSource sourcePageID="4D6A6518-B9EB-48F2-B95A-153C42A08A68" comID="C0700787-D52F-4C2B-91BF-CCCC0B20F1D2" comLinkType="cltPageLink"/>
    <linkSource sourcePageID="4D6A6518-B9EB-48F2-B95A-153C42A08A68" comID="903CA786-B95A-4E2E-A1EE-7808BB1294D2" comLinkType="cltPageLink"/>
    <linkSource sourcePageID="21ED6516-1472-4593-8B56-EA5ECA152527" comID="F3D32010-D93D-4C5D-819A-910F0E4E80C9" comLinkType="cltPageLink"/>
    <linkSource sourcePageID="2D76B205-B51C-4C7D-BB1E-27A77F433043" comID="5FD884DF-226F-4A98-8F75-44BB6D2D6CEB" comLinkType="cltPageLink"/>
  </page>
  <page ID="45BF2DBE-38F9-4988-B10C-B6136D9C7656">
    <linkSource sourcePageID="3E8003F8-CB20-474B-949F-481959A2336E" comID="47561768-3CE7-4210-9B58-A1D6532FD4D9" comLinkType="cltPageLink"/>
    <linkSource sourcePageID="7DD3B4E4-955E-4B19-92B2-B7D306A24C52" comID="9AF36645-A13E-41E4-B955-BD9B956D897C" comLinkType="cltPageLink"/>
  </page>
  <page ID="DE628F5B-B3A0-4775-9695-3597BBD34132">
    <linkSource sourcePageID="45BF2DBE-38F9-4988-B10C-B6136D9C7656" comID="056CF1CC-420C-41CE-9C1E-73FEDED46699" comLinkType="cltPageLink"/>
    <linkSource sourcePageID="45BF2DBE-38F9-4988-B10C-B6136D9C7656" comID="7380ADAC-478D-4428-BB46-0A36E7CCED03" comLinkType="cltPageLink"/>
  </page>
  <page ID="AD90EE84-86DE-4A30-9F6F-59E6BE893952">
    <linkSource sourcePageID="45BF2DBE-38F9-4988-B10C-B6136D9C7656" comID="056CF1CC-420C-41CE-9C1E-73FEDED46699" comLinkType="cltPageLink"/>
    <linkSource sourcePageID="45BF2DBE-38F9-4988-B10C-B6136D9C7656" comID="C4B83888-F23E-48A4-A2D7-4846B79C10CD" comLinkType="cltPageLink"/>
  </page>
  <page ID="3E8003F8-CB20-474B-949F-481959A2336E">
    <linkSource sourcePageID="7DD3B4E4-955E-4B19-92B2-B7D306A24C52" comID="C8382E1D-D91D-4164-9E1E-9D0996FFA343" comLinkType="cltPageLink"/>
    <linkSource sourcePageID="623BBE8A-06A6-4A8E-981B-C9C1310C5915" comID="C6F5BF0C-DE05-47DB-A598-568EE490E15E" comLinkType="cltPageLink"/>
    <linkSource sourcePageID="2D76B205-B51C-4C7D-BB1E-27A77F433043" comID="DC752F83-1F4C-41CC-981F-205F4FCF0A06" comLinkType="cltPageLink"/>
    <linkSource sourcePageID="2D76B205-B51C-4C7D-BB1E-27A77F433043" comID="7BDA9742-124C-46E5-B604-AB5389241757" comLinkType="cltPageLink"/>
    <linkSource sourcePageID="2D76B205-B51C-4C7D-BB1E-27A77F433043" comID="32DB7BA6-C35A-4884-90AC-E5031DDEAC25" comLinkType="cltPageLink"/>
    <linkSource sourcePageID="2D76B205-B51C-4C7D-BB1E-27A77F433043" comID="945F35CF-5925-415D-ABD2-72803015416F" comLinkType="cltPageLink"/>
  </page>
  <page ID="62CBAC82-1AEC-4022-BBA5-3B24DD000208">
    <linkSource sourcePageID="1D7C7281-338A-4D23-AE55-FE63CBEFE340" comID="FD916293-FD71-4769-96E7-770E5C80AE4C" comLinkType="cltPageLink"/>
    <linkSource sourcePageID="1D7C7281-338A-4D23-AE55-FE63CBEFE340" comID="F1E3D769-156A-45E5-A21F-7DBD84CDF71B" comLinkType="cltPageLink"/>
    <linkSource sourcePageID="06967686-4204-4B93-9E75-0CD56929E424" comID="2570DA27-71B9-40C6-83F4-21D5FD606C52" comLinkType="cltPageLink"/>
    <linkSource sourcePageID="40AD7544-24E6-4BC9-9DE5-EF59AA971DC8" comID="545BC074-E1AE-43E3-B33E-286BB0274987" comLinkType="cltPageLink"/>
    <linkSource sourcePageID="4D6A6518-B9EB-48F2-B95A-153C42A08A68" comID="C49781F8-141F-401A-BEBD-3D4D5624F4F3" comLinkType="cltPageLink"/>
    <linkSource sourcePageID="4D6A6518-B9EB-48F2-B95A-153C42A08A68" comID="5D05DBAC-855A-4AEE-BF4A-29EEC11C955D" comLinkType="cltPageLink"/>
    <linkSource sourcePageID="4D6A6518-B9EB-48F2-B95A-153C42A08A68" comID="5E730EC3-BB5C-4194-A1F3-FCD17FEF9E4C" comLinkType="cltPageLink"/>
    <linkSource sourcePageID="21ED6516-1472-4593-8B56-EA5ECA152527" comID="8B6C5182-E0EC-4FC5-B19D-6B607D27A9E8" comLinkType="cltPageLink"/>
  </page>
  <page ID="581A847C-3C4F-4F4E-A16E-2F8FD78E0270">
    <linkSource sourcePageID="1D7C7281-338A-4D23-AE55-FE63CBEFE340" comID="47561768-3CE7-4210-9B58-A1D6532FD4D9" comLinkType="cltPageLink"/>
    <linkSource sourcePageID="62CBAC82-1AEC-4022-BBA5-3B24DD000208" comID="9AF36645-A13E-41E4-B955-BD9B956D897C" comLinkType="cltPageLink"/>
  </page>
  <page ID="176014D7-6301-431C-98E7-CB82F7404A1F">
    <linkSource sourcePageID="581A847C-3C4F-4F4E-A16E-2F8FD78E0270" comID="11F43CB3-F678-4130-B94E-46FE86E5528F" comLinkType="cltPageLink"/>
    <linkSource sourcePageID="581A847C-3C4F-4F4E-A16E-2F8FD78E0270" comID="D3FA961C-1C94-4297-B7D1-5AA09E4606A5" comLinkType="cltPageLink"/>
  </page>
  <page ID="F7031C3A-D0D9-46DD-9CF3-AEEC8831F4D7">
    <linkSource sourcePageID="581A847C-3C4F-4F4E-A16E-2F8FD78E0270" comID="11F43CB3-F678-4130-B94E-46FE86E5528F" comLinkType="cltPageLink"/>
    <linkSource sourcePageID="581A847C-3C4F-4F4E-A16E-2F8FD78E0270" comID="6A927945-1EC0-45F0-BB11-93822046265E" comLinkType="cltPageLink"/>
  </page>
  <page ID="1D7C7281-338A-4D23-AE55-FE63CBEFE340">
    <linkSource sourcePageID="62CBAC82-1AEC-4022-BBA5-3B24DD000208" comID="C8382E1D-D91D-4164-9E1E-9D0996FFA343" comLinkType="cltPageLink"/>
  </page>
</LinkSources>