﻿<project version="2.2" name="项目" ID="AA7E1A99-AB47-4BE9-AD32-54506C7C83D0">
  <params>
    <pageParam version="4.5" minAllowVersion="4.5"/>
    <projectParam version="2.2" minAllowVersion="2.2" platform="MtMobile" orientation="MoPortrait" mobileScreenScale="1.77777779102325" mobileType="mmtIOS" pageSize="(375,667)" backgroundColor="4294967295" fontSize="0" fontFamily=""/>
    <previewParam version="1.0"/>
    <colorParam version="1.0"/>
  </params>
  <modules>
    <page name="首页" ID="21ED6516-1472-4593-8B56-EA5ECA152527" expanded="True" code="QdEOQaxv1C" thumbCode="QdEOQaxv1C" status="psWhite">
      <images>
        <image key="2E967326C22523F5F084001B9F4E5BC7.svg"/>
        <image key="DED0E6A8242D8DE296EBCBE2FFA15EDA.svg"/>
      </images>
    </page>
    <page name="配置登录" ID="A773AAD2-4C54-4C2D-8B9E-CA74E2594FC4" expanded="True" code="AZQjEDe86d" thumbCode="UmS43zRL5t" status="psWhite">
      <images>
        <image key="6C62DA8D2CECE5E011B7F900F7C5A98D.svg"/>
        <image key="D95E480717200F895E41DB6E5B869596.svg"/>
      </images>
    </page>
    <module name="账户模块" ID="71F8D357-A217-4B35-9D46-0F3775CF7AD2" expanded="True" status="psWhite">
      <page name="企业账户管理模块" ID="4D6A6518-B9EB-48F2-B95A-153C42A08A68" expanded="True" code="KGFFJECa4Q" thumbCode="KGFFJECa4Q" status="psWhite">
        <images>
          <image key="2E967326C22523F5F084001B9F4E5BC7.svg"/>
          <image key="DED0E6A8242D8DE296EBCBE2FFA15EDA.svg"/>
        </images>
        <page name="创建员工信息" ID="C9AEC8B5-1712-4AF4-BF9E-FA10BBCF9132" expanded="False" code="ACYcNWZPJD" thumbCode="J6SGUsDCwH" status="psWhite">
          <images>
            <image key="92A37C37F1C55861F795B008D0D7225E.svg"/>
            <image key="D95E480717200F895E41DB6E5B869596.svg"/>
          </images>
          <page name="创建员工信息_xml" ID="A6788ECF-1E7D-4F85-A50B-3C9A2EC8955F" expanded="True" code="FDP5Ho6AX1" thumbCode="FDP5Ho6AX1" status="psWhite">
            <images>
              <image key="D95E480717200F895E41DB6E5B869596.svg"/>
            </images>
            <page name="xml" ID="17BE9AAB-6D75-4D8A-B6FA-4B19BE85E3FE" expanded="True" code="IZlbn8uBsw" thumbCode="IZlbn8uBsw" status="psWhite"/>
            <page name="json" ID="0A20D4B0-0A13-4308-BF3E-915302A62789" expanded="True" code="BlqPbAtdyg" thumbCode="BlqPbAtdyg" status="psWhite"/>
          </page>
          <page name="创建成功__跳转界面" ID="A6315F8D-A91F-4E03-9E69-407595289263" expanded="True" code="yWEVsE5TMD" thumbCode="yWEVsE5TMD" status="psWhite">
            <images>
              <image key="92A37C37F1C55861F795B008D0D7225E.svg"/>
              <image key="D95E480717200F895E41DB6E5B869596.svg"/>
            </images>
          </page>
        </page>
        <page name="查询员工列表" ID="828198EC-4CE3-43FF-9828-4253383619BA" expanded="True" code="UlTGZ1eXEA" thumbCode="U1hucxX5yb" status="psWhite">
          <images>
            <image key="92A37C37F1C55861F795B008D0D7225E.svg"/>
            <image key="2E967326C22523F5F084001B9F4E5BC7.svg"/>
            <image key="E7D27E7A00FA7023CB70F7694DE9F06F.svg"/>
            <image key="D95E480717200F895E41DB6E5B869596.svg"/>
          </images>
          <page name="员工信息_xml" ID="F659CA57-2B47-433C-B6D3-7453A380B182" expanded="True" code="kzSaA3DpFL" thumbCode="fdOv5brfkL" status="psWhite">
            <images>
              <image key="D95E480717200F895E41DB6E5B869596.svg"/>
            </images>
            <page name="xml" ID="31E9BFD1-DBDA-41EE-A137-5AA3621FBBCB" expanded="False" code="GuWSfMnAQK" thumbCode="GuWSfMnAQK" status="psWhite"/>
            <page name="json" ID="63B15F3F-9064-4790-9B2E-DBA21A1CE463" expanded="False" code="PWVxQIXRdW" thumbCode="PWVxQIXRdW" status="psWhite"/>
          </page>
          <page name="员工基本信息" ID="AD94F53D-12C8-46A5-B119-D3F777753995" expanded="True" code="otrDgg6OVV" thumbCode="otrDgg6OVV" status="psWhite">
            <images>
              <image key="D95E480717200F895E41DB6E5B869596.svg"/>
              <image key="92A37C37F1C55861F795B008D0D7225E.svg"/>
            </images>
          </page>
          <page name="修改员工基本信息" ID="4CA3877D-4DCB-4263-834C-01AE5BEC50C5" expanded="True" code="795b3SYz2V" thumbCode="795b3SYz2V" status="psWhite">
            <images>
              <image key="D95E480717200F895E41DB6E5B869596.svg"/>
              <image key="92A37C37F1C55861F795B008D0D7225E.svg"/>
            </images>
          </page>
          <page name="侧滑界面" ID="1BEDC142-A269-4689-86EE-DF70DDC57C07" expanded="False" code="FmVvyqk2vW" thumbCode="FmVvyqk2vW" status="psWhite">
            <images>
              <image key="2E967326C22523F5F084001B9F4E5BC7.svg"/>
              <image key="92A37C37F1C55861F795B008D0D7225E.svg"/>
              <image key="E7D27E7A00FA7023CB70F7694DE9F06F.svg"/>
              <image key="D95E480717200F895E41DB6E5B869596.svg"/>
            </images>
          </page>
          <page name="删除界面" ID="7F66B943-EF02-432B-AD61-E2DD448B3682" expanded="False" code="OmpfOpwxYC" thumbCode="OmpfOpwxYC" status="psWhite">
            <images>
              <image key="2E967326C22523F5F084001B9F4E5BC7.svg"/>
              <image key="92A37C37F1C55861F795B008D0D7225E.svg"/>
              <image key="E7D27E7A00FA7023CB70F7694DE9F06F.svg"/>
              <image key="D95E480717200F895E41DB6E5B869596.svg"/>
            </images>
          </page>
        </page>
      </page>
    </module>
    <module name="语音通信模块" ID="BC48D226-3AF7-45C4-BEF8-29DE56ED016C" expanded="True" status="psWhite">
      <page name="语音通信子模块" ID="06967686-4204-4B93-9E75-0CD56929E424" expanded="True" code="XBWXlVGCax" thumbCode="nRiOPf8ryV" isLastOpen="True" status="psWhite">
        <images>
          <image key="2E967326C22523F5F084001B9F4E5BC7.svg"/>
          <image key="DED0E6A8242D8DE296EBCBE2FFA15EDA.svg"/>
        </images>
        <page name="点击呼叫" ID="3CEE5798-C189-45EF-B6F5-692201CB4019" expanded="False" code="ELg8j3MpYr" thumbCode="5togLXKO1r" status="psWhite">
          <images>
            <image key="D95E480717200F895E41DB6E5B869596.svg"/>
            <image key="92A37C37F1C55861F795B008D0D7225E.svg"/>
          </images>
          <page name="点击拨号_xml" ID="C6DF4E7C-D124-453D-8FF1-CCCEA5DBBB0D" expanded="False" code="Ps2zvKR5PH" thumbCode="Ps2zvKR5PH" status="psWhite">
            <images>
              <image key="D95E480717200F895E41DB6E5B869596.svg"/>
            </images>
            <page name="xml" ID="3CDB7102-B552-480B-B7CA-3713E4447FD1" expanded="False" code="FZBZQyDIAo" thumbCode="FZBZQyDIAo" status="psWhite"/>
            <page name="json" ID="D4F631AB-F001-4EDA-A415-0A3E68816AE2" expanded="False" code="Emvk7jJMP6" thumbCode="Emvk7jJMP6" status="psWhite"/>
          </page>
          <page name="体验成功" ID="76EDFAFF-6B1D-4C56-9558-9857AC1C2C4D" expanded="True" code="dbjvghOJkn" thumbCode="dbjvghOJkn" status="psWhite">
            <images>
              <image key="D95E480717200F895E41DB6E5B869596.svg"/>
              <image key="92A37C37F1C55861F795B008D0D7225E.svg"/>
            </images>
          </page>
        </page>
        <page name="语音验证码" ID="C74671EA-A0BF-491E-A4AF-B81EF917289B" expanded="False" code="y54l7dcwdt" thumbCode="y54l7dcwdt" status="psWhite">
          <images>
            <image key="92A37C37F1C55861F795B008D0D7225E.svg"/>
            <image key="D95E480717200F895E41DB6E5B869596.svg"/>
          </images>
          <page name="语音验证码_xml" ID="A160C5DC-6901-4ED3-BC7D-7D46FCDB3A5C" expanded="False" code="jrRB4hcmca" thumbCode="jrRB4hcmca" status="psWhite">
            <images>
              <image key="D95E480717200F895E41DB6E5B869596.svg"/>
            </images>
            <page name="xml" ID="9D21E045-051A-4CCF-9747-F70856B2E369" expanded="False" code="yr5vh7Aii7" thumbCode="yr5vh7Aii7" status="psWhite"/>
            <page name="json" ID="5B67E9BB-E6C2-4999-807B-CE228F0A0EC4" expanded="True" code="WqHNrrSEaI" thumbCode="WqHNrrSEaI" status="psWhite"/>
          </page>
          <page name="体验成功" ID="CC8A0F48-AA3F-4946-99D5-D8BB7D09A324" expanded="False" code="vORclg88Nz" thumbCode="vORclg88Nz" status="psWhite">
            <images>
              <image key="92A37C37F1C55861F795B008D0D7225E.svg"/>
              <image key="D95E480717200F895E41DB6E5B869596.svg"/>
            </images>
          </page>
        </page>
        <page name="语音通知" ID="B1570487-E3B3-47B7-85FF-886AECABC88A" expanded="False" code="UCpLlI3c4z" thumbCode="UCpLlI3c4z" status="psWhite">
          <images>
            <image key="92A37C37F1C55861F795B008D0D7225E.svg"/>
            <image key="D95E480717200F895E41DB6E5B869596.svg"/>
          </images>
          <page name="语音通知_xml" ID="9CE3D993-CDB6-4FCF-92B6-54BFB173FE39" expanded="False" code="NrM3dqYUHg" thumbCode="NrM3dqYUHg" status="psWhite">
            <images>
              <image key="D95E480717200F895E41DB6E5B869596.svg"/>
            </images>
            <page name="xml" ID="6222C74F-4B54-407A-B0ED-F20CC0382B1A" expanded="False" code="F9wxDkN7Sh" thumbCode="F9wxDkN7Sh" status="psWhite"/>
            <page name="json" ID="825E8B2B-8CBB-4E75-93FE-7EA4858CAEE5" expanded="False" code="foge4ZWdu1" thumbCode="foge4ZWdu1" status="psWhite"/>
          </page>
          <page name="体验成功" ID="628355DE-99AB-478A-B984-D05776448120" expanded="False" code="a8OzrTFvvG" thumbCode="a8OzrTFvvG" status="psWhite">
            <images>
              <image key="92A37C37F1C55861F795B008D0D7225E.svg"/>
              <image key="D95E480717200F895E41DB6E5B869596.svg"/>
            </images>
          </page>
        </page>
        <page name="号码卫士" ID="2D76B205-B51C-4C7D-BB1E-27A77F433043" expanded="False" code="Gh9LguJsk4" thumbCode="Gh9LguJsk4" status="psWhite">
          <images>
            <image key="92A37C37F1C55861F795B008D0D7225E.svg"/>
            <image key="D95E480717200F895E41DB6E5B869596.svg"/>
          </images>
          <page name="号码卫士_xml" ID="1B71CFDE-4F00-49DE-B130-75128CE5E6BF" expanded="False" code="NaGSAJrsYT" thumbCode="NaGSAJrsYT" status="psWhite">
            <images>
              <image key="D95E480717200F895E41DB6E5B869596.svg"/>
            </images>
            <page name="xml" ID="D2A537B5-BDA0-4E03-B24A-C5950CDB1242" expanded="False" code="VuHy7JfmFw" thumbCode="" status="psWhite"/>
            <page name="json" ID="A4F5B1DC-39A5-490D-9BE6-66E1E0C8439D" expanded="False" code="AH3wItQ2u7" thumbCode="AH3wItQ2u7" status="psWhite"/>
          </page>
          <page name="已体验界面" ID="803022CF-8D4F-4653-BDD1-661B5EBC91FC" expanded="True" code="5WR85GhYEx" thumbCode="5WR85GhYEx" status="psWhite">
            <images>
              <image key="92A37C37F1C55861F795B008D0D7225E.svg"/>
              <image key="D95E480717200F895E41DB6E5B869596.svg"/>
            </images>
          </page>
        </page>
        <page name="电话会议" ID="7DD3B4E4-955E-4B19-92B2-B7D306A24C52" expanded="False" code="mEabIT3B12" thumbCode="mEabIT3B12" status="psWhite">
          <images>
            <image key="92A37C37F1C55861F795B008D0D7225E.svg"/>
            <image key="D95E480717200F895E41DB6E5B869596.svg"/>
          </images>
          <page name="电话会议_xml" ID="45BF2DBE-38F9-4988-B10C-B6136D9C7656" expanded="False" code="XxhBxo6lRR" thumbCode="XxhBxo6lRR" status="psWhite">
            <images>
              <image key="D95E480717200F895E41DB6E5B869596.svg"/>
            </images>
            <page name="xml" ID="DE628F5B-B3A0-4775-9695-3597BBD34132" expanded="True" code="RL5yTyoRiY" thumbCode="RL5yTyoRiY" status="psWhite"/>
            <page name="json" ID="AD90EE84-86DE-4A30-9F6F-59E6BE893952" expanded="False" code="GnOmaPiItr" thumbCode="GnOmaPiItr" status="psWhite"/>
          </page>
          <page name="体验成功" ID="3E8003F8-CB20-474B-949F-481959A2336E" expanded="True" code="iZ5YpxPjz2" thumbCode="iZ5YpxPjz2" status="psWhite">
            <images>
              <image key="92A37C37F1C55861F795B008D0D7225E.svg"/>
              <image key="D95E480717200F895E41DB6E5B869596.svg"/>
            </images>
          </page>
        </page>
        <page name="电话直拨" ID="62CBAC82-1AEC-4022-BBA5-3B24DD000208" expanded="True" code="iXADJUyCPr" thumbCode="iXADJUyCPr" status="psWhite">
          <images>
            <image key="92A37C37F1C55861F795B008D0D7225E.svg"/>
            <image key="D95E480717200F895E41DB6E5B869596.svg"/>
          </images>
          <page name="电话直拨_xml" ID="581A847C-3C4F-4F4E-A16E-2F8FD78E0270" expanded="True" code="Fe4AsOFuRP" thumbCode="BjSNHu2lrn" status="psWhite">
            <images>
              <image key="D95E480717200F895E41DB6E5B869596.svg"/>
            </images>
            <page name="xml" ID="176014D7-6301-431C-98E7-CB82F7404A1F" expanded="False" code="Zwo3ojPY5v" thumbCode="Zwo3ojPY5v" status="psWhite"/>
            <page name="json" ID="F7031C3A-D0D9-46DD-9CF3-AEEC8831F4D7" expanded="False" code="DEEd3zln6S" thumbCode="DEEd3zln6S" status="psWhite"/>
          </page>
          <page name="体验成功" ID="1D7C7281-338A-4D23-AE55-FE63CBEFE340" expanded="False" code="qMadw1lokh" thumbCode="qMadw1lokh" status="psWhite">
            <images>
              <image key="92A37C37F1C55861F795B008D0D7225E.svg"/>
              <image key="D95E480717200F895E41DB6E5B869596.svg"/>
            </images>
          </page>
        </page>
      </page>
    </module>
  </modules>
  <masters/>
  <images>
    <image key="92A37C37F1C55861F795B008D0D7225E.svg"/>
    <image key="2E967326C22523F5F084001B9F4E5BC7.svg"/>
    <image key="DED0E6A8242D8DE296EBCBE2FFA15EDA.svg"/>
    <image key="6C62DA8D2CECE5E011B7F900F7C5A98D.svg"/>
    <image key="E7D27E7A00FA7023CB70F7694DE9F06F.svg"/>
    <image key="D95E480717200F895E41DB6E5B869596.svg"/>
  </images>
</project>